areaName,Borough,areaType,2010-01,2010-02,2010-03,2010-04,2010-05,2010-06,2010-07,2010-08,2010-09,2010-10,2010-11,2010-12,2011-01,2011-02,2011-03,2011-04,2011-05,2011-06,2011-07,2011-08,2011-09,2011-10,2011-11,2011-12,2012-01,2012-02,2012-03,2012-04,2012-05,2012-06,2012-07,2012-08,2012-09,2012-10,2012-11,2012-12,2013-01,2013-02,2013-03,2013-04,2013-05,2013-06,2013-07,2013-08,2013-09,2013-10,2013-11,2013-12,2014-01,2014-02,2014-03,2014-04,2014-05,2014-06,2014-07,2014-08,2014-09,2014-10,2014-11,2014-12,2015-01,2015-02,2015-03,2015-04,2015-05,2015-06,2015-07,2015-08,2015-09,2015-10,2015-11,2015-12,2016-01,2016-02,2016-03,2016-04,2016-05,2016-06,2016-07,2016-08,2016-09,2016-10,2016-11,2016-12,2017-01,2017-02,2017-03,2017-04,2017-05,2017-06,2017-07,2017-08,2017-09,2017-10,2017-11,2017-12,2018-01,2018-02,2018-03,2018-04,2018-05,2018-06,2018-07,2018-08,2018-09,2018-10,2018-11,2018-12,2019-01
All Downtown,Manhattan,submarket,3200,3200,3025,3100,3100,3200,3195,3200,3400,3495,3450,3400,3365,3397,3300,3300,3395,3400,3395,3495,3625,3660,3550,3495,3450,3455,3500,3500,3587,3550,3500,3550,3650,3600,3675,3675,3550,3500,3500,3500,3500,3500,3500,3585,3650,3650,3695,3600,3630,3600,3600,3650,3650,3595,3595,3595,3650,3600,3600,3600,3600,3639,3649,3700,3750,3700,3700,3767,3795,3800,3750,3775,3700,3706,3750,3795,3800,3850,3895,3795,3795,3756,3700,3650,3650,3700,3695,3711,3790,3724,3724,3700,3653,3662,3675,3630,3650,3750,3730,3750,3825,3800,3795,3800,3804,3800,3887,3800,3850
All Midtown,Manhattan,submarket,2895,2800,2800,2850,2900,2950,3000,3000,3105,3134,3169,3171,3200,3200,3200,3200,3250,3300,3350,3300,3350,3398,3400,3375,3300,3288,3264,3350,3395,3395,3395,3400,3410,3400,3450,3450,3400,3425,3400,3395,3375,3395,3350,3395,3400,3400,3395,3400,3350,3390,3395,3400,3450,3450,3400,3400,3400,3450,3495,3500,3500,3500,3500,3500,3550,3525,3518,3506,3563,3500,3500,3500,3495,3500,3500,3550,3575,3500,3529,3500,3549,3500,3500,3500,3470,3495,3466,3500,3502,3531,3500,3500,3500,3500,3350,3350,3387,3395,3389,3450,3500,3500,3507,3500,3529,3550,3543,3583,3509
All Upper East Side,Manhattan,submarket,2469,2450,2400,2500,2550,2550,2595,2500,2595,2550,2500,2550,2500,2500,2475,2500,2600,2695,2650,2695,2795,2800,2800,2800,2700,2700,2695,2695,2695,2750,2700,2735,2825,2795,2849,2800,2795,2800,2795,2750,2750,2750,2700,2800,2850,2850,2800,2800,2700,2750,2700,2700,2700,2700,2700,2700,2750,2750,2800,2835,2850,2900,2895,2870,2950,2993,2950,2995,3025,2995,2900,2950,2995,2975,3000,3000,3000,2995,2975,2900,2950,2950,2975,3000,2975,2995,2925,2950,2950,2950,2929,2900,2995,2945,2995,2990,2920,2895,2850,2850,2850,2900,2925,2900,2895,2995,2995,3000,3000
All Upper Manhattan,Manhattan,submarket,1825,1800,1795,1800,1823,1850,1875,1850,1895,1875,1849,1850,1850,1800,1875,1895,1900,1950,1950,1976,1995,1985,1995,2000,2000,2000,2000,2000,1995,1995,2000,2050,2000,1995,2000,2000,1995,2000,2000,2000,2065,2100,2150,2154,2150,2038,2000,2000,2000,1999,2000,2095,2100,2100,2100,2150,2123,2150,2195,2195,2190,2200,2200,2200,2250,2295,2295,2300,2290,2275,2250,2250,2294,2289,2300,2375,2395,2350,2395,2400,2400,2395,2395,2390,2350,2300,2296,2325,2350,2350,2395,2395,2354,2350,2250,2295,2265,2295,2300,2350,2395,2400,2430,2400,2350,2350,2300,2300,2300
All Upper West Side,Manhattan,submarket,2895,2800,2750,2800,2798,2795,2800,2895,2995,3000,3000,2995,2995,3000,2950,3000,3000,3100,3100,3200,3250,3342,3386,3455,3300,3200,3035,3150,3200,3200,3250,3300,3300,3350,3350,3300,3200,3250,3200,3200,3250,3150,3199,3250,3275,3300,3200,3225,3200,3195,3200,3295,3299,3275,3200,3200,3295,3300,3280,3250,3290,3300,3250,3300,3350,3395,3405,3495,3550,3500,3525,3500,3450,3450,3450,3475,3495,3450,3495,3407,3480,3450,3400,3375,3300,3310,3299,3300,3350,3369,3378,3395,3395,3395,3323,3350,3350,3290,3250,3290,3300,3350,3334,3323,3400,3395,3395,3400,3419
Alley Park,Queens,neighborhood,,,,,,,,,,,,,,,,,,,,,,,,,,,,,,,,,,,,,,,,,,,,,,,,,,,,,,,,,,,,,,,,,,,,,,,,,,,,,,,,,,,,,,,,,,,,,,,,,,,,,,,,,,,,,
Astoria,Queens,neighborhood,1600,1650,1620,1600,1700,1700,1600,1600,1600,1700,1650,1650,1600,1600,1750,1825,1900,1900,1820,1900,1900,1900,1973,2000,2000,2038,2038,2113,2100,1990,2175,2225,2220,2138,2021,2000,2000,2000,1950,2000,2200,2100,2200,2150,2125,2100,2000,2025,2100,2100,2100,2100,2100,2100,2100,2150,2200,2200,2200,2150,2200,2200,2200,2300,2300,2297,2300,2300,2200,2200,2200,2200,2200,2200,2300,2300,2300,2300,2300,2350,2350,2300,2292,2275,2250,2200,2200,2200,2200,2250,2300,2300,2250,2190,2200,2195,2150,2117,2100,2100,2200,2200,2215,2250,2250,2200,2150,2150,2199
Auburndale,Queens,neighborhood,,,,,,,,,,,,,,,,,,,,,,,,,,,,,,1600,,,,,,,,,,,,,,,,,,,,,,,,,,,,,,,1995,,2300,2100,1995,1995,1950,1900,1995,1995,1695,,1798,1625,1795,1850,2100,2225,2100,2048,2048,2100,2000,,1895,2195,2195,2295,2023,2195,2198,1795,1995,1600,1795,2300,2300,2300,2095,2095,1850,2098,2095,2000,1895,1995,1995,1900,2095
Bath Beach,Brooklyn,neighborhood,,,,,,,,,,,,,,,,,,,,1075,1075,1188,1200,1075,1138,,,,,,,,,,,,,,,,,,,,,,1475,1638,1650,,,,2200,1725,1800,1775,1575,1450,,1700,1750,1775,1775,2000,1850,1613,1700,1700,1800,2000,2000,1898,1745,1950,2025,2175,2250,2050,2098,2000,2200,2200,1900,1900,2100,1950,1850,1950,1950,2000,1975,1950,1850,1898,2000,1848,1875,1950,2000,2023,2000,1850,1700,1675,1675,1773,1735,1688,1700
Battery Park City,Manhattan,neighborhood,3495,3346,3268,3295,3100,3395,3200,3225,3360,3415,3348,3350,3300,3150,3195,3368,3700,3693,3625,3650,3840,3850,3700,3615,3400,3500,3500,3600,3798,3905,4450,4375,4185,4050,4100,3995,3800,3500,3500,3568,3875,3995,3850,3850,3863,3995,3850,3895,3900,4013,4100,3550,3695,4650,4300,4198,4500,4063,3898,3595,3800,3950,4025,4150,4518,4630,4700,4795,4750,4750,5100,4750,4611,4600,4595,4825,4600,4675,4650,4765,4750,4250,4050,4025,4175,3995,3910,3995,4350,4393,4515,4400,4546,4695,3880,3950,4200,4100,4050,4290,4650,4525,4750,4877,4995,4900,4500,4375,4425
Bay Ridge,Brooklyn,neighborhood,1350,1388,1350,1350,1350,1350,1300,1300,1300,1400,1475,1450,1425,1425,1450,1500,1560,1510,1650,1750,1750,1550,1750,1600,1650,1495,1495,1700,1875,1450,1450,1498,1800,1800,1800,1925,1550,1498,1925,1795,1625,1600,1750,1650,1750,1650,1650,1650,1600,1600,1575,1600,1875,1900,1900,1800,1850,1800,1800,1735,1700,1700,1749,1800,1800,1800,1800,1850,1898,1850,1850,1875,1900,2000,2000,2000,2000,2100,2000,2098,2000,2100,2100,2100,2000,2000,1950,1975,2000,2000,1995,1897,1895,1900,1850,1850,2000,1995,1900,1963,1950,1950,1850,1995,2000,2000,1995,1900,1900
Baychester,Bronx,neighborhood,,,,,,,,,,,,,,,,,,,,,,,,,,,,,,,,,,,,,,,,,,,,,,,,,,,,,,,,,,,,,,,,,,,,,,,,,,,,,,,,,,,,,,,,,,,,,,,,,,,,,,,,,,,,,
Bayside,Queens,neighborhood,1775,1838,1888,1838,,,,,,,,,,,,1975,2000,1950,2000,1975,1975,1925,1950,1950,1900,1795,1875,1875,1950,2000,1850,1850,1850,1900,1925,1925,1900,1900,2000,2050,2013,1975,1795,1850,2000,2100,1950,1950,1798,1795,1875,1850,1873,2163,2200,2250,2150,2200,2200,2225,2200,2200,2250,2300,2300,2300,2300,2250,2300,2300,2400,2350,2400,2375,2400,2450,2350,2400,2375,2250,2400,2250,2250,2500,2500,2549,2500,2400,2400,2400,2400,2375,2450,2450,2375,2210,2500,2350,2300,2300,2300,2375,2400,2475,2350,2500,2350,2100,2150
Bedford Park,Bronx,neighborhood,,,,,,,,,,,,,,,,,,,,,1000,,,,,,,,,,1050,1025,1000,,1100,,,,,,,,,1025,1098,1123,,,,,1000,1088,,,1400,1400,1400,1400,1400,1400,1375,1400,1400,1400,1275,1300,1350,1388,1497,1550,1450,1488,1450,1438,1398,1450,1450,1350,1471,1475,1500,1513,1483,1450,1400,1400,1500,1500,1550,1550,1550,1550,1495,1500,1583,1583,1499,1350,1573,1600,1490,1550,1575,1550,1438,1823,1600,,1875
Bedford-Stuyvesant,Brooklyn,neighborhood,1650,1650,1600,1650,1650,1593,1460,1450,1500,1650,1650,1750,1700,1600,1500,1500,1500,1600,1650,1650,1675,1675,1800,1700,1650,1650,1800,1850,1800,1795,1750,1750,1800,1800,1850,1995,1995,1950,1950,1983,2000,2050,2150,2200,2195,2195,2195,2195,2138,2150,2200,2200,2200,2300,2300,2350,2300,2250,2300,2300,2275,2250,2300,2350,2350,2400,2400,2455,2400,2350,2350,2300,2350,2350,2350,2400,2450,2475,2499,2499,2475,2450,2400,2400,2400,2350,2345,2395,2400,2478,2475,2475,2450,2400,2400,2350,2350,2300,2395,2450,2500,2500,2567,2595,2550,2500,2475,2475,2436
Bellerose,Queens,neighborhood,,,,,,,,,,,,,,,,,,,,,,,,,,,,,,,,,,,,,,,,,,,,,,,,,,,,,,1950,,,2000,2100,,,2000,,,,,,,,,,,,,,,,1925,,,,,,2275,,,,,,,,,,,,,,,,,,,,,,,,,,
Belmont,Bronx,neighborhood,,,,,,,,,,,,,,,,,,,,,,,,,,,,,,,,,,2400,2175,2400,,,,,,,1325,1300,1250,1250,,,,1075,,,,,,,,1295,1350,,1450,1725,1500,1500,1500,1500,1499,1500,1763,1650,1750,1550,1600,1600,1400,1475,1435,1550,1625,1698,1700,1700,1650,1775,1660,1670,1700,1675,1690,1700,1725,1750,1775,1750,1700,1613,1625,1650,1613,1725,1875,2000,1879,1840,2100,2100,1813,1700,1974
Bensonhurst,Brooklyn,neighborhood,,,,,,,,,,,,,,,1300,1300,1350,1488,1375,1225,,,,,,,,,,,,1525,1550,,,,1450,1500,1425,1138,1275,1325,1400,1450,1313,1550,1500,1398,1395,1398,1500,1575,1600,1500,1500,1575,1600,1525,1500,1500,1600,1725,1600,1700,1698,1625,1550,1600,1650,1600,1700,1750,1675,1700,1773,1748,1800,1850,1800,1900,2100,2025,1875,1725,2000,1848,1800,1800,1700,1788,1700,1900,1738,1750,1713,1768,1700,1773,1800,1800,1880,1879,1700,1850,1900,1850,1875,1900,1850
Bergen Beach,Brooklyn,neighborhood,,,,,,,,,,,,,,,,,,,,,,,,,,,,,,,,,,,,,,,,,,,,,,,,,,,,,,,,,2025,1995,1950,1950,,,,,1998,,,,,,,,,,,,,,,,,2000,2000,2000,2000,2000,2000,2000,,,,2299,,2200,2150,2050,,,,,2175,2275,2300,2150,2225,2063,2325,2300,2225
Boerum Hill,Brooklyn,neighborhood,2600,2700,2600,2500,2500,2463,2475,2500,2850,2725,2775,2675,2638,3000,3125,3000,3598,2900,2800,2800,2500,2998,3000,3800,3500,3500,3000,3263,2675,2850,3048,3100,3275,3075,3000,3200,3100,3000,3000,3200,3300,3275,3200,3500,4150,3600,3050,3000,3075,3250,3200,3400,3000,3013,3045,3000,3000,2998,2900,2875,2800,2850,3100,2800,2800,2950,2900,2850,2975,2900,2832,2750,2800,2900,3025,3350,3500,3300,3200,2950,2875,2800,2800,2900,2979,3085,2987,2987,3100,3025,3200,3250,3289,3162,3000,3175,3000,3000,3000,2998,3400,3257,3225,3200,3199,3250,3500,3100,3000
Borough Park,Brooklyn,neighborhood,,,,,,,,,,,1175,,,1225,1200,1150,1175,1200,1225,1300,,,1275,,,,,,1400,,1300,,,,,,,,,,,,,,,,1445,1300,1475,1700,1750,1800,1700,1695,1690,1700,1690,1525,1500,1500,1550,1595,1595,1699,1650,1600,1595,1550,1850,1800,1725,1750,1595,1650,1700,1750,1750,1900,1900,1900,2083,1850,1825,2025,2030,1995,1750,1795,1700,1750,1738,1795,1788,1895,1800,1650,1660,1638,1750,1700,1750,1850,1885,1825,1800,1900,1875,1700,1875
Bowne Park,Queens,neighborhood,,,,,,,,,,,,,,,,,,,,,,,,,,,,,,,,,,,,,,,,,,,,,,,,,,,,,,,,,,,,,,,,,,,,,,,,,,,,,,,,,,,,,,,,,,,,,,,,,,,,,,,,,,,,,
Briarwood,Queens,neighborhood,,1325,,,,,,,,,,1425,,,,,1400,,,,,,,,,,,,,,,,,,,,1450,1463,1450,1550,1550,1463,1550,1450,,1595,1550,1525,1600,1600,1598,1573,1595,1638,1638,1650,1675,1759,1663,1695,1663,1650,1695,1649,1700,1775,1750,1748,1700,1725,1713,1725,1700,1750,1725,1763,1800,1713,1750,1685,1655,1690,1685,1695,1650,1675,1700,1720,1700,1700,1713,1773,1700,1797,1849,1797,1795,1725,1798,1800,1720,1749,1750,1699,1750,1769,1750,1815,1775
Brighton Beach,Brooklyn,neighborhood,,,,,,,,,,,,,,1311,1275,,1200,1350,1623,,1313,1300,,,,,,,1725,1613,1650,1663,1700,1700,1800,1900,2200,2300,1900,1775,1802,1814,1775,1800,2016,2150,2031,1985,2200,1784,2000,1900,2000,1850,1900,1900,1950,1800,1800,1638,1750,1813,1825,1995,2100,2125,1950,1950,1995,2248,2300,2000,1875,1950,1950,1950,1875,1875,1863,1925,1900,2000,2100,2300,2200,2100,2175,2150,2100,2100,2250,2100,2025,2075,2098,2000,2013,2025,2045,2000,2075,2125,2113,2099,2100,2050,2000,2100,2150
Bronx,Bronx,borough,1600,1600,1508,1508,1600,1500,1529,1600,1600,1500,1600,1600,1595,1550,1600,1600,1498,1450,1563,1500,1363,1397,1399,1399,1400,1550,1500,1500,1475,1400,1499,1500,1400,1500,1600,1500,1413,1423,1475,1500,1575,1525,1490,1575,1550,1450,1499,1500,1499,1550,1600,1600,1600,1700,1550,1500,1475,1425,1450,1450,1450,1475,1500,1500,1500,1500,1500,1600,1600,1595,1600,1600,1600,1600,1550,1600,1625,1699,1700,1700,1699,1695,1650,1700,1675,1675,1750,1700,1725,1725,1750,1750,1750,1794,1781,1727,1787,1800,1850,1900,1900,1900,1895,1879,1900,1900,1825,1850,1900
Bronxwood,Bronx,neighborhood,,,,,,,,,,,,,,,,,,,,,,,,,,,,,,,,,,,,,,,,,,,,,,,,,,,,,,,,,,,,1313,,1250,,,,,,,,,,,,,,,,,,,1613,1508,1450,1450,1500,1538,1525,1525,1650,1500,1500,1600,1525,1475,1500,1500,1700,1600,1525,1525,1750,1550,1610,1600,1550,1625,1595,1700,1650
Brooklyn,Brooklyn,borough,2200,2150,2150,2150,2200,2250,2300,2300,2400,2395,2200,2150,2100,2000,2100,2166,2200,2300,2350,2400,2450,2400,2400,2450,2475,2450,2499,2500,2500,2500,2500,2500,2650,2600,2600,2700,2500,2500,2500,2500,2500,2600,2600,2700,2700,2600,2500,2550,2500,2500,2500,2535,2600,2600,2600,2600,2590,2500,2500,2500,2500,2550,2550,2550,2550,2582,2600,2650,2600,2550,2500,2500,2590,2550,2590,2600,2650,2650,2650,2650,2600,2599,2500,2500,2500,2500,2495,2500,2500,2550,2599,2615,2598,2500,2495,2450,2450,2450,2495,2500,2590,2600,2695,2680,2600,2550,2500,2500,2500
Brooklyn Heights,Brooklyn,neighborhood,2350,2300,2400,2200,2400,2250,2600,2900,3200,3400,2621,2633,2600,3050,3200,3200,2500,2850,2925,3000,3000,2975,2875,2700,2750,2700,2700,2500,2925,3150,3350,3500,3300,3200,3000,2775,2800,3000,3300,2995,3100,3096,3450,3380,3315,3200,3100,3020,3000,2925,2995,3000,3000,2800,2840,3000,2875,2960,3000,2853,2725,2900,2970,3060,2950,2973,3155,3270,3155,3195,3178,2858,3058,3300,3195,3000,3155,3150,3100,3160,3300,3200,3150,3400,3400,3250,3200,3178,3000,3100,3035,2995,3000,3100,3000,3100,3200,3055,3000,2815,2979,3100,3175,3250,3425,3300,3200,3250,3100
Brookville,Queens,neighborhood,,,,,,,,,,,,,,,,,,,,,,,,,,,,,,,,,,,,,,,,,,,,,,,,,,,,,,,,,,,,,,,,,,,,,,,,,,,,,,,,,,,,,,,,,,,,,,,,,,,,,,,,,,,,,
Brownsville,Brooklyn,neighborhood,,,,,,,,,,,,,,,,,,,,,,,,,,,,,,1350,,,,,,,1425,1450,1450,1450,1450,1450,1400,1500,1400,1295,1400,,1225,1325,1350,1300,1300,1375,1375,1400,1350,1350,1500,1400,1313,1313,1360,1400,1500,1500,1500,1500,1600,1599,1500,1613,1600,1600,1608,1600,1500,1700,1650,1695,1695,1650,1650,1700,1750,1750,1700,1800,1750,1800,1800,1700,1700,1795,1750,1698,1700,1725,1800,1750,1795,1800,1850,1850,1875,1950,1900,1900,2100
Bushwick,Brooklyn,neighborhood,1599,1475,1500,1875,1950,1525,1500,1500,1500,1500,1425,1500,1695,1695,1695,1700,1700,1600,1900,1925,1500,1725,1800,1775,1713,1738,1800,1858,1840,2000,2025,2000,2150,2025,2000,2099,2100,2200,2200,2400,2300,2100,2200,2400,2400,2400,2395,2300,2263,2267,2317,2400,2400,2475,2463,2500,2500,2400,2400,2385,2400,2499,2500,2500,2545,2550,2590,2600,2650,2600,2500,2495,2500,2650,2600,2595,2600,2658,2600,2600,2600,2500,2500,2488,2446,2450,2499,2550,2599,2600,2650,2650,2600,2500,2495,2450,2450,2485,2499,2550,2605,2695,2700,2695,2600,2567,2500,2460,2500
Cambria Heights,Queens,neighborhood,,,,,,,,,,,,,,,,,,,,,,,,,,,,,,,,,,,,,,,,,,,,,,,,,,,,,,,,,,,,,,,,,,,,,,,,,,,,,,,,,,,,,,,,,,,,,,,,,,,,,,,,,,,,,
Canarsie,Brooklyn,neighborhood,,,,,,,,,,,,,,,,,1375,1400,1525,1450,,,,,,,,,,,,,,,,,,,,,,,1500,,1595,,,,,,,,1350,1400,1475,1350,,1800,1500,1800,1750,1500,1600,1700,1700,1800,1850,1850,1850,1850,1850,1800,1800,1800,1800,1799,1863,1800,1813,1800,1900,1838,1800,1825,2200,1850,1750,2025,2100,2100,2100,1825,1900,1900,1900,2075,2174,2100,2000,1999,2050,2199,2150,2275,2250,2250,2000,2000,2000
Carroll Gardens,Brooklyn,neighborhood,2275,2225,2275,2175,2200,2200,2250,2200,2250,2250,2200,2250,2400,2250,2250,2400,2838,2675,2550,3000,3500,2900,2500,2600,2900,2800,3798,3675,3600,3400,2875,3750,3550,3500,3200,3000,3400,2950,3200,3350,2800,2900,2900,3300,2895,3000,3400,3300,2800,2800,2800,2800,2900,2800,2800,2900,3000,3000,3000,2850,2900,2800,2900,2950,2950,3000,3000,3000,3000,3000,3000,3000,2998,2875,2950,2950,3000,3000,3200,3000,3000,3100,3000,2900,3000,2800,2800,2800,2875,2850,2900,2900,2800,2950,2900,2850,2800,2900,2825,2999,3200,3000,3000,2998,3000,2983,2875,3200,3000
Castle Hill,Bronx,neighborhood,,,,,,,,,,,,,,,,,,,,,,,,,,,,,,,,,,,,,,,,,,,,,,,,,,,,,,,,,,,,1479,1498,,,,,,,,1513,1300,,,1450,1450,,1525,1450,,1574,1475,1475,1475,1488,1625,1795,1496,1700,1650,1700,1495,1473,1525,1850,1900,1800,1800,1850,,,,1500,1600,1800,1750,1750,1799,,,
Central Harlem,Manhattan,neighborhood,1950,1950,1893,1863,1900,1900,1850,1800,1850,1850,1800,1750,1798,1800,1895,1950,2048,2095,2098,2057,2000,1995,2100,2000,1995,2000,2000,2125,2095,1983,2200,2295,2200,2000,2100,2000,2000,2000,2100,2108,2150,2175,2200,2269,2293,2200,2200,2100,2100,2100,2000,2150,2200,2150,2200,2250,2295,2375,2350,2350,2350,2400,2383,2300,2300,2300,2300,2350,2300,2400,2329,2400,2400,2395,2400,2490,2450,2400,2450,2500,2500,2500,2500,2500,2490,2395,2350,2350,2400,2400,2495,2500,2450,2395,2350,2380,2399,2400,2495,2550,2500,2500,2550,2600,2500,2450,2400,2400,2450
Central Park South,Manhattan,neighborhood,6000,6000,5500,6500,6500,5800,5650,6000,6500,6500,6500,6500,6500,6500,5600,5700,6500,5000,4900,5550,5975,5800,6000,5700,5500,6000,5650,6100,5000,5500,6375,6575,6650,6450,7000,6400,6650,7500,7850,7850,7500,7500,7888,7925,8625,7825,7825,7998,7935,7850,6800,6650,7500,6900,7500,7500,7500,7500,7825,7850,7500,7850,7850,7500,7500,7500,7850,8225,8200,8563,8000,7998,8000,7850,7875,7995,7888,7800,7650,7378,7500,7500,7500,7500,7500,7280,7025,7000,7000,7800,7650,8500,7800,7820,7087,6862,7500,7735,7650,7500,7200,7200,7885,7820,8625,7975,9500,8473,7775
Central Queens,Queens,submarket,1500,1483,1500,1500,1313,1350,1350,1350,1350,1350,1350,1373,1400,1350,1500,1550,1550,1550,1550,1550,1595,1650,1575,1650,1650,1940,1913,1900,1713,1800,1775,1695,1650,1900,1850,1900,1750,1798,1750,1750,1700,1700,1800,1800,1850,1895,1875,1800,1795,1800,1800,1795,1750,1825,1850,1900,1899,1850,1900,1900,1900,1950,1900,1900,1950,2000,2000,2000,2000,2000,2075,2052,2000,2075,2000,2095,2100,2166,2200,2200,2195,2100,2100,2195,2149,2100,2100,2050,2095,2150,2200,2195,2150,2100,2050,2095,2050,2030,2100,2100,2100,2100,2199,2246,2200,2125,2085,2044,2099
Chelsea,Manhattan,neighborhood,3200,3400,3245,3200,3200,3395,3400,3450,3625,3600,3500,3320,3295,3295,3400,3450,3450,3480,3500,3473,3600,3800,3650,3500,3400,3500,3600,3600,3795,3800,3600,3600,3700,3500,3695,3715,3650,3695,3600,3725,3743,3695,3695,3750,3892,3876,3650,3795,3695,3695,3745,3725,3750,3745,3750,3750,3795,3748,3750,3800,3795,3750,3800,3950,3950,3995,4075,4025,4000,4100,3875,3895,3860,3850,3860,3950,4100,4195,4050,3995,3995,4000,3995,3921,3895,3950,3920,3910,3950,3900,3900,3800,3845,3940,3950,3910,3945,4000,4000,3995,3995,4003,3995,4088,4139,4000,4000,4042,4006
Chinatown,Manhattan,neighborhood,2900,2900,2550,2200,2200,2248,2500,2700,2875,2300,2900,3166,3166,2900,2800,2300,2400,2900,2500,2450,3150,2900,2425,2475,3150,2575,2523,2550,2500,2450,2425,2900,2698,2600,2550,2378,2750,2750,2675,2800,3100,2700,2600,2600,3150,3000,2650,2600,2850,2500,2500,2600,2800,2948,2800,2788,2700,2923,2800,2650,2600,2700,2800,2775,2800,2773,2700,2850,2700,2700,2700,2750,2650,2595,2675,2900,2788,2800,2800,2850,2923,2923,2950,3000,2840,2800,2700,2875,3000,2800,2895,2600,2600,2648,2725,2800,2635,2698,2695,2600,2925,2850,2700,2800,2798,2500,2748,2800,2700
City Island,Bronx,neighborhood,,,,,,,,,,,,,,,,,,,,,,,,,,,,,,,,,,,,,,,,,,,,,,,,,,,,,,,,,,,,,,,,,,,,,,,,,,,,,,,,,,,,,,,,,,,,,,,,,,,,,,,,,,,,,
Civic Center,Manhattan,neighborhood,,,,,,,,,,,,,,,,,,,,,,,,,,,,,,,,,,,,,,,,,,,,,,,,,,,,,,,,,,,,,,,,,,,,,,,,,,,,,,,,,,,,,,,,,,,,,,,,,,,,,,,,,,,,,
Clearview,Queens,neighborhood,,,,,,,,,,,,,,,,,,,,,,,,,,,,,,,,,,,,,,,,,,,,,,,,,,,,,,,,,,,,,,,,,,,,,,,,,,,,,,,,,,,,,,,,,,,,,,,,,,,,,,,,,,,,,
Clinton Hill,Brooklyn,neighborhood,2085,1950,1975,2000,2100,1900,1875,2075,2300,2269,2100,2059,2177,2269,2300,2350,2350,2300,2250,2304,2500,2535,2495,2600,2650,2750,2698,2763,2550,2688,2727,3010,3000,3000,2950,2850,2525,2650,2585,2600,2600,2600,2500,2500,2500,2500,2600,2700,2699,2575,2600,2650,2700,2700,2725,2800,2769,2700,2600,2700,2700,2750,2750,2750,2750,2650,2700,2758,2850,2750,2700,2650,2699,2700,2670,2650,2700,2700,2700,2700,2753,2797,2750,2606,2600,2650,2650,2600,2704,2700,2700,2600,2595,2795,2722,2730,2700,2600,2650,2775,2873,2875,2850,2800,2750,2700,2700,2800,2985
Co-op City,Bronx,neighborhood,,,,,,,,,,,,,,,,,,,,,,,,,,,,,,,,,,,,,,,,,,,,,,,,,,,,,,,,,,,,,,,,,,,,,,,,,,,,,,,,,,,,,,,,,,,,,,,,,,,,,,,,,,,,,
Cobble Hill,Brooklyn,neighborhood,1900,2350,2225,2340,2400,2340,2450,2525,2600,2600,2625,2600,2500,2450,2500,2900,2835,2750,2750,3100,3235,3050,3150,3200,3000,2900,3050,2850,2795,2590,3025,3200,3000,2895,3150,3200,3000,2875,2850,3100,3100,3700,3400,3200,3100,3050,2923,2800,2950,3050,2900,2800,3100,3500,3315,3277,3100,3100,3100,3150,3100,2973,2995,3150,3150,3000,3200,3325,3300,3275,3200,3200,3210,3125,3150,3150,3275,3250,3100,3250,3050,3150,2998,2845,2750,2800,2750,2663,3000,2995,3000,3300,3200,3200,3075,3050,3100,2950,2900,3100,3176,3176,3325,3500,3450,3157,3200,3200,3220
College Point,Queens,neighborhood,,,,,,,,,,,,,,,,,,,,,,,,,,,,,,,,,,,,,,,,,,,,,,,,,,,,,,,,,,,,,,,,,,,,,,,,,,,,,,,,,,,,2200,2300,,,,,2200,2200,2100,,,,,,,,2100,2175,,,,,,2150,2150,
Columbia St Waterfront District,Brooklyn,neighborhood,2000,1950,,,2550,2500,2500,2450,2700,2650,2200,1775,2000,2200,2200,2200,2200,,2400,2525,,2600,2950,,2350,2400,2600,,2775,2500,2550,2500,2500,3000,2925,3300,2600,2625,3150,3075,3150,3350,3500,3500,2600,2500,2725,2500,2750,2700,2775,2700,2800,2800,2800,2325,2125,2298,2800,2800,2800,2750,2750,2750,2700,2500,2588,2500,2750,2775,2900,2750,2850,2898,3000,2900,3025,2925,3050,2895,2950,2848,2895,2700,2700,2625,2663,2500,2550,2600,2700,2700,2750,2800,2745,2700,2700,2700,2398,2500,3000,3200,3150,2987,2987,2800,2825,2700,2800
Concourse,Bronx,neighborhood,,,,1373,,,,,,1425,,1438,1313,,1500,,,1350,,1350,1250,1100,1199,1100,1300,1325,1300,1300,1350,1400,1475,1375,1300,1375,1350,1399,1400,1400,1400,1400,1500,1500,1645,1500,1495,1425,1388,1425,1450,1400,1491,1425,1450,1300,1463,1500,1500,1500,1500,1350,1295,1400,1550,1450,1450,1600,1525,1500,1600,1600,1550,1450,1500,1500,1495,1550,1550,1600,1650,1600,1650,1600,1525,1550,1510,1500,1674,1675,1625,1550,1579,1650,1722,1797,1650,1600,1595,1850,1700,1850,1875,1774,1750,1743,1673,1700,1675,1800,1813
Coney Island,Brooklyn,neighborhood,,,,,,,,,,,,,,,,,,,,,,,,,,,,,,,,,,1725,1550,,1800,1900,1775,1980,1850,1700,1700,1487,1485,1550,1475,1650,1600,1700,1775,1675,1675,1748,1675,2225,2075,2050,2125,2125,1999,1999,1950,1950,1988,2000,2100,2000,1995,1998,2050,2038,2200,2078,2150,2113,2113,1971,2131,2200,2200,2200,2198,2200,2300,2300,2175,2200,2100,2100,2100,1900,2150,2200,2197,2199,2075,2150,2075,2225,2250,2250,2250,2225,2250,2300,2225,2225,2250
Corona,Queens,neighborhood,1100,1098,1095,1095,1150,1150,1150,1150,1150,1150,1150,1150,1150,1150,950,950,950,950,950,950,950,950,950,,,,,,,,,,,,,,,,,,,,,,,,,,,,,1500,1500,1497,1500,1500,1425,1500,1650,1550,1550,1513,1573,1600,1650,1650,1650,1650,1663,1695,1650,1695,1795,1863,1695,1775,1770,1770,1713,1938,1948,1983,1870,1850,1850,1765,1803,1840,1890,1895,1975,1825,1785,1825,1903,1950,1885,1828,1805,1735,1725,2107,2350,2405,1995,1955,2168,2115,2365
Country Club,Bronx,neighborhood,,,,,,,,,,,,,,,,,,,,,,,,,,,,,,,,,,,,,,,,,,,,,,,,,,,,,,,,,,,,,,,,,,,,,,,,,,,,,,,,,,,,,,,,,,,,,,,,,,,,,,,,,,,,,
Crotona Park East,Bronx,neighborhood,,,,,,,,,,,,,,,,,,,,,,,,,,,,,,,,,,,,,,,,,,,,,,,,,,,,,,,,,,,,,,,,,,,,,,,,,,,,,,,,,,,,,,,,,,,,,,,,,,,,,,,,,,,,,2100
Crown Heights,Brooklyn,neighborhood,2000,2125,2150,2050,1900,1800,1500,1500,1500,1525,1550,1575,1600,1600,1550,1600,1693,1850,1850,1638,1825,1700,1700,1663,1900,2000,1950,2000,1900,1850,1900,1935,1935,1911,1922,1885,1950,2000,2000,2100,2100,2100,2100,2100,2150,2200,2199,2000,2100,2000,2200,2264,2400,2350,2350,2300,2200,2200,2200,2150,2200,2250,2200,2295,2300,2300,2400,2400,2300,2300,2250,2275,2300,2350,2400,2400,2400,2450,2492,2499,2400,2400,2300,2291,2291,2300,2300,2300,2300,2399,2450,2499,2450,2400,2385,2350,2300,2300,2395,2400,2400,2450,2692,2646,2550,2400,2400,2400,2400
DUMBO,Brooklyn,neighborhood,3275,3200,2800,2875,2800,2950,3400,3825,4200,4150,4250,4200,4100,3950,3550,3650,3475,4000,4150,4000,4000,4000,4000,3775,4200,4200,4250,3500,3650,3700,4100,4300,4300,4300,4350,4100,4100,3500,3650,4200,4025,3800,3775,3938,3850,3650,3800,3773,4000,3888,4000,4000,4100,4150,4150,4227,4204,4275,4204,4100,3891,3935,4375,3925,3900,4100,4140,4250,4505,4300,4480,4550,4250,4074,4100,4250,4948,4800,4800,4354,4354,4550,4700,4354,4455,4750,4587,4450,4495,4375,4500,4195,4438,4335,4500,4426,4177,4126,4126,3900,4226,4500,4200,4785,4195,4795,5007,5019,4757
Ditmas Park,Brooklyn,neighborhood,1600,1850,1850,1500,,,2100,3625,,,1638,,1595,1573,1600,1575,1600,1725,1750,1675,1575,1650,1575,1575,1600,1600,1700,1750,1675,1598,1750,1750,1725,1700,1600,1700,1700,1600,1600,1675,2200,1700,1975,1700,1775,1550,1600,1800,1750,1738,1625,1763,1850,1873,1900,1900,1775,1850,1663,1800,1850,1850,1850,1875,1913,2100,2100,2000,1995,2045,1999,2000,1950,1900,1900,1900,2000,1999,1999,1995,1975,1938,1900,1900,1925,1999,1997,1999,2000,2000,1999,1999,2195,2163,1899,1995,1999,2195,2100,2000,1999,2073,2400,2400,2086,2000,1995,2172,2250
Douglaston,Queens,neighborhood,,,,,,,,,,,,,,,,,,,,,,,,,,,,,,,,,,,,,,,,,,,,,3925,1950,1850,2200,,,,,,,,,,,,1500,,,,,,,,,,,,,,,,,,,,,,,,,,,,,,,2400,,,,,,,,,,,,,,,,,,
Downtown Brooklyn,Brooklyn,neighborhood,2247,2227,2191,2250,2400,2472,2550,2569,2530,2505,2551,2500,2600,2498,2450,2495,2301,2424,2500,2520,2500,2500,2625,2698,2500,2443,2511,2452,2650,2800,2800,2835,2813,2800,2923,3000,3000,2925,2915,2900,2898,2880,2900,3000,2883,2905,2850,2900,2900,3000,2950,2895,2900,2940,3000,3095,3100,3170,3200,3165,3181,3230,3255,3228,3240,3205,3184,3184,3195,3185,3108,3115,3120,3100,3156,3158,3132,3167,3175,3156,3080,3095,3105,3067,3063,3121,3053,3121,3120,3145,3195,3238,3195,3198,3092,3150,3195,3280,3380,3473,3398,3410,3369,3411,3369,3353,3277,3395,3374
Dyker Heights,Brooklyn,neighborhood,,,,,1200,,,1300,,1295,1295,1348,1400,1300,1300,1250,1325,1300,1350,1300,1450,1425,1600,,1400,1600,,,,,,,,,,,,1395,1348,1200,1225,1263,,,,,1825,,1750,1700,1600,1600,1475,1550,1450,1800,1800,1750,2100,1975,1800,1825,1825,1900,1900,2100,2050,1950,1950,1925,1875,1825,1925,2100,1995,2163,1950,1995,2200,2200,2300,2200,2200,2200,2200,2200,2198,2100,1999,1950,1950,1850,2050,1948,2193,2100,2148,1995,1950,2000,2145,1900,2000,2000,1950,2200,2225,2200,1970
East Brooklyn,Brooklyn,submarket,1700,1750,1650,1750,1750,1600,1500,1460,1500,1550,1600,1650,1695,1600,1695,1650,1695,1650,1700,1650,1700,1685,1750,1700,1700,1750,1800,1850,1800,1800,1800,1845,1881,1825,1900,1900,1990,1995,1950,2000,2095,2100,2100,2200,2199,2200,2200,2199,2150,2100,2200,2250,2300,2350,2325,2350,2300,2250,2295,2253,2275,2300,2300,2395,2400,2400,2475,2499,2400,2400,2350,2325,2350,2400,2400,2400,2500,2500,2500,2500,2495,2450,2400,2395,2350,2350,2350,2399,2400,2495,2500,2500,2499,2450,2400,2380,2350,2350,2400,2450,2500,2550,2649,2600,2575,2500,2475,2450,2450
East Elmhurst,Queens,neighborhood,,,,,,,,,,,,,,,,,,,,,,,,,,,,,,,,,,,,,,,,,,,,,,,,,,,,2125,,,,,,,,,,,,,,,,,,,,,,,,,,,,,,,,,,,,,,,,,,,,,,,,,,,,2400,,,,2400,
East Flatbush,Brooklyn,neighborhood,2000,1700,2100,2400,,,2350,2025,2350,2200,,1100,1075,1475,1448,1725,1775,1775,2275,2450,2450,2450,1800,1588,1900,1588,1600,1600,1600,1600,2198,1808,1488,1225,1175,1295,1295,1295,1325,1450,1800,1650,1675,1700,1600,1400,1500,1650,1650,1800,1525,1600,1900,1900,1750,1650,1463,1400,1400,1400,1400,1450,1450,1500,1625,1700,1795,1895,2000,1800,1700,1650,1800,1895,1800,1848,1800,1850,1850,1900,1900,1999,1925,1850,1900,2000,2000,2000,1999,1999,2050,2100,2000,1925,1950,1997,2080,2068,2095,2050,2195,2100,2150,2250,2399,2100,2125,2199,2195
East Harlem,Manhattan,neighborhood,1895,1900,1895,1975,1998,2095,2195,2185,2198,2180,2200,2175,2100,2000,2000,1975,1895,1900,1875,1897,1897,1950,1900,1997,2195,2100,2050,2050,2100,2095,2095,2173,2150,2150,2100,2200,2198,2228,2250,2200,2271,2250,2250,2200,2200,2097,2090,2100,2000,2100,2150,2185,2195,2104,2150,2095,2050,2100,2100,2116,2150,2195,2190,2280,2294,2300,2300,2261,2250,2300,2300,2250,2250,2250,2300,2374,2400,2435,2450,2395,2334,2300,2400,2399,2395,2350,2360,2353,2395,2445,2450,2395,2375,2375,2300,2395,2300,2324,2350,2295,2352,2390,2387,2350,2350,2314,2250,2250,2300
East New York,Brooklyn,neighborhood,,,,,,,,,,,,,,,,,,,,,,,,,,,1100,,,,,1350,1400,1450,1513,1450,1650,1650,1363,1363,1548,1573,1500,1498,1435,1350,1500,1500,1500,1495,1473,1500,1698,1673,1600,1650,1700,1775,1750,1650,1650,1600,1663,1675,1648,1749,1900,1800,1950,1850,1850,1850,1725,1925,1900,1900,1850,1875,2100,2150,2000,1875,2000,2000,1950,1950,2000,2000,2099,2000,2050,2100,1950,1850,1900,1995,2000,2100,2150,2100,2150,2150,2150,2200,2150,2199,2100,2199,2100
East Tremont,Bronx,neighborhood,,,,,,,,,,,,,,,,,,,,,,,,,,,,,,,,,,,,,,,,,,,,,,,,,,1319,,1209,,,1136,1150,1200,,1475,1312,1312,1320,1275,1510,1488,1500,1450,1725,1700,1775,1750,1450,1425,,1400,1400,,,,,1698,1695,,,1500,1588,1625,1850,1775,1750,1750,,1700,1690,1750,1700,1700,1700,1650,1663,,1775,1850,1850,1750,2100,1850,1910,1950
East Village,Manhattan,neighborhood,2500,2500,2400,2500,2595,2595,2600,2595,2695,2795,2698,2700,2700,2600,2695,2750,2900,2875,2800,2900,3295,2950,2900,2900,2995,2850,2885,2998,3000,3000,3000,3000,2995,3000,3000,3000,3100,3095,3025,3100,3100,3190,3162,3250,3250,3100,3100,3000,3000,3000,3000,3000,3200,3163,3200,3295,3200,3150,3100,3100,3000,2900,2950,3100,3115,3150,3200,3200,3173,3150,3095,3100,3100,3077,3200,3250,3300,3300,3299,3200,3148,3100,3100,3000,3000,3195,3190,3350,3350,3277,3250,3200,3000,3000,2900,2931,2995,3000,3025,3263,3450,3400,3325,3395,3250,3200,3140,3100,3095
Eastchester,Bronx,neighborhood,,,,,,,,,,,,,,,,,,,,,,,,,,,,,,,,,,,,,,,,,,,,,,,,,,,,,,,,,,,,,,,,,,,,,,,,,,,,,,,,,,,,,,,,,,,,,,,,,,,,,,,,,,,,,
Edenwald,Bronx,neighborhood,,,,,,,,,,,,,,,,,,,,,,,,,,,,,,,,,,,,,,,,,,,,,,,,,,,,,,,,,,,,,,,,,,,,,,,,,,,,,,,,,,,,,,,,,,,,,,,,,,,,,,,,,,,,,
Elmhurst,Queens,neighborhood,1113,1150,1188,1150,,1050,,,,,,,,,,,,1275,,1325,,,,,,,,,,,,1515,1515,1950,1950,1950,1900,1900,1900,1925,1900,1940,2150,1840,1940,2080,1899,1685,1658,1875,1950,1950,1750,1825,1900,1963,1800,1700,1700,1698,1650,1898,1924,1912,1925,2000,1825,1838,1788,1775,1825,1750,1750,1885,1850,1850,1675,1950,1888,1800,1825,1825,1775,1825,1813,2100,2000,2000,2091,1950,2090,1950,1950,1897,1896,1900,1950,1935,1935,1913,1850,1750,1913,1990,2040,1900,1863,1900,1950
Financial District,Manhattan,neighborhood,3198,3100,3015,3000,3200,3244,3107,3100,3025,3250,3250,3215,3300,3400,3395,3250,3325,3480,3500,3500,3595,3595,3488,3400,3450,3400,3375,3500,3450,3500,3675,3600,3700,3650,3900,3664,3500,3415,3350,3350,3395,3450,3500,3550,3550,3550,3509,3500,3500,3495,3495,3500,3550,3550,3500,3500,3600,3589,3500,3500,3499,3618,3595,3605,3695,3670,3700,3650,3695,3654,3550,3530,3500,3520,3550,3595,3600,3650,3700,3625,3663,3646,3500,3484,3450,3475,3565,3595,3650,3623,3785,3750,3700,3621,3657,3650,3591,3748,3595,3595,3600,3650,3750,3800,3792,3750,3750,3700,3775
Flatbush,Brooklyn,neighborhood,,1600,,1595,,1450,,1165,1180,1165,1150,1100,1100,1100,1125,1925,1950,1850,1500,1225,1100,1250,1300,1313,1338,1400,1413,,,1350,1425,1400,1425,1325,1350,1500,1500,1500,1500,1450,1500,1600,1500,1678,1600,1600,1575,1500,1600,1688,1688,1625,1700,1600,1750,1700,1650,1550,1550,1750,1725,1700,1750,1750,1800,1800,1825,1900,1875,1850,1850,1850,1850,1850,1850,1900,1895,1932,1900,1900,1900,1900,1900,1895,1895,1900,1900,1950,1950,2000,2100,2050,2000,2095,1995,1950,2000,2000,2000,1950,2050,2095,2099,2200,2200,2125,2150,2100,2084
Flatiron,Manhattan,neighborhood,3895,3750,3550,3695,3893,3850,3900,3999,4100,3995,3875,3900,3995,4200,4100,4150,4000,3925,3995,3975,4400,4150,4200,4425,3800,3950,3950,3850,4450,4475,4388,4350,4395,4173,4300,4300,4350,4358,4198,4195,4221,4350,4350,4373,4077,3995,3849,3817,4196,4200,4296,4395,4591,4500,4638,4820,4895,4495,4395,4395,4490,4553,4870,4898,5070,5100,4998,4995,5000,4998,4950,4998,5000,4995,4685,4670,4560,4700,4900,4813,4912,4795,4611,4605,4525,4595,4498,4600,4695,4595,4500,4800,4800,4600,4750,4695,4595,4550,4495,4475,4550,4564,4598,4600,4850,4811,4500,4566,4745
Flatlands,Brooklyn,neighborhood,,,,,,,,,,,,,,,,,,,,,,,,,,,,,,,,,,,,,,,,,,,,,,,,,,,,,,,,,,,,,,,,,,,,,,,,,,,,,,,,,,1800,,,,,,,2100,2150,,,,,2100,,1850,2000,,,,,,1875,2200,2000,1925,1925,
Floral Park,Queens,neighborhood,,,,,,,,,,,,,,,,,,,,,,,,,,,,,,,,,,,,,,,,,,,,,,,,,,,,,,,,,,,,,,,,,,,,,,,,,,,,,,,,,,,,,,,,,,,,,,,,,,,,,,,,,,,,,
Flushing,Queens,neighborhood,1575,1450,1400,1350,1300,,1300,,,,,1295,1295,1295,1295,1295,1295,1295,1375,1450,1450,1325,1282,1295,1288,1292,1399,1500,1450,1398,1495,1513,1500,1513,1563,1625,1525,1500,1460,1600,1600,1588,1838,1950,1950,1675,1508,1555,1498,1600,1825,1838,1790,1798,1900,1950,1850,1825,1875,1795,1700,1750,1700,1750,1825,1800,1850,1850,1800,1800,1750,1750,1780,1863,2025,2050,2100,2100,1825,1838,2000,2150,2063,2150,2200,2188,1925,2000,2000,2200,2300,2200,1950,2000,1988,1887,1950,1863,1800,1950,1975,1975,1898,1995,1998,1850,1910,1910,1900
Fordham,Bronx,neighborhood,,,,,,,,,,,,,,,,,,,,,,,,,,,,,,,,,,1075,1200,,,,,,,,,,,,,,,,,,,,,,,,1195,1250,1250,1450,1400,1199,1250,1313,1323,1425,1400,1400,1413,1600,1450,1350,1413,1463,1550,1550,1550,1550,1550,1500,1525,1495,1475,1625,1825,1700,1783,1750,1815,1795,1825,1800,1708,1753,1845,1718,1823,1749,1750,1700,1825,1940,2000,1900,1673,1723,1750
Forest Hills,Queens,neighborhood,2000,1800,1700,1663,1550,1588,1700,1750,1695,1725,1675,1650,1663,1650,1675,1773,1825,1850,1895,2100,2248,2150,1998,1850,1825,1995,1850,1850,1825,1825,2025,2050,2025,2100,1895,2050,1995,1900,1800,1800,1800,1800,2050,1950,2050,1875,1900,2050,2100,2095,2025,2015,1950,2015,2015,2295,2015,2000,2100,2195,2015,2015,2015,2015,2100,2213,2138,2300,2300,2295,2195,2200,2200,2195,2100,2163,2195,2163,2200,2200,2200,2150,2125,2150,2100,2100,2000,2000,1997,2100,2138,2100,2100,2100,2100,2050,2000,2000,2100,1975,1975,1975,2000,2100,2100,2000,2000,1995,2050
Fort Greene,Brooklyn,neighborhood,2470,2200,2200,2200,2225,2373,2400,2400,2400,2425,2400,2425,2400,2500,2500,2500,2500,2600,2500,2600,2600,2525,2500,2500,2500,2550,2600,2758,2700,2500,2650,2700,2575,2550,2625,2750,2600,2895,2889,2800,2550,2600,2725,2725,2775,2700,2700,2700,2750,2650,2698,2700,2750,2795,2750,2800,2645,2650,2650,2695,2700,2850,2930,2950,2850,2800,2895,2850,2800,2750,2800,2730,2700,2700,2800,2700,2800,2861,2899,2995,2900,2800,2785,2723,2750,2800,2865,3000,2900,2950,2900,2900,2840,2733,2700,2737,2700,2700,2700,2800,2800,2875,2950,2900,2876,2850,3000,2925,2800
Fresh Meadows,Queens,neighborhood,,,,,,,,,,,,,,,,,,,,,,,,,,,,,,,,,,,,,,,,,,,,,,,,,,,,,,,,,,,,,,,,,,,,,,,,,,,,,,,,,,,,,,1925,1950,2100,1975,2375,2450,,,,,,,,,,,,,,,,,,
Gerritsen Beach,Brooklyn,neighborhood,,,,,,,,,,,,,,,,,,,,,,,,,,,,,,,,,,,,,,,,,,,,,,,,,,,,,,,,,,,,,,,,,,,,,,,,,,,,,,,,,,,,,,,,,,,,,,,,,,,,,,,,,,,,,
Glen Oaks,Queens,neighborhood,,,,,,,,,,,,,,,,,,,,,,,,,,,,,,,1850,,,1850,,,,,,,,,,,,,1788,,1763,1775,1750,1750,,,,,,,,,,,,,,,,,,,,,,,,,,,,,,,,,,,,,,,,,,,,,,,,,,,,,,,2000,,
Glendale,Queens,neighborhood,,,,,,,,,,,,,,,,,,,,,,,,,,,,,,1450,1450,1500,1700,1750,1575,1400,1450,1450,,,,,1400,,1400,1388,1363,,1475,1550,1500,1695,1713,1638,1725,1450,,1775,1700,1700,1797,1800,1700,1750,1875,2000,2000,1800,1850,1825,1800,2000,1875,1875,1875,1899,2000,2000,1875,1863,2000,1900,2000,2078,2200,2200,2000,2000,2000,2000,2000,2000,1925,2023,2050,1999,2000,2000,2000,2150,2200,2100,2250,2000,2000,2075,2050,1999,2000
Gowanus,Brooklyn,neighborhood,,1600,,,1800,,,,,2600,2200,2550,2400,2300,2675,2713,2500,3100,2920,3475,3475,3055,2950,3184,,,1925,2255,2255,2200,2650,2650,2850,2675,2638,2900,2569,2950,3000,3034,3050,3200,3050,2875,2950,2900,2850,2975,2950,3200,3500,3275,3100,3195,3000,2773,2600,3375,3650,3000,2825,2995,2850,3100,3350,3200,3250,3400,3250,3250,3250,3300,3400,3398,3150,3200,3231,3000,3000,3277,3000,3000,3028,3000,3000,3000,2792,2755,2900,2861,2860,3000,3000,2800,2776,2695,2753,2756,2629,2770,3230,3025,3200,3399,2765,2875,2855,2888,3129
Gramercy Park,Manhattan,neighborhood,3100,3000,2995,3100,2995,2950,2900,3100,3200,3200,3450,3355,3195,3200,3100,3000,3050,3099,2950,2995,3450,3548,3500,3398,3495,3250,3250,3200,3395,3300,3273,3300,3425,3500,3500,3500,3295,3395,3500,3363,3498,3250,3395,3495,3500,3400,3500,3500,3495,3300,3385,3400,3355,3300,3325,3350,3350,3250,3395,3498,3550,3500,3300,3500,3500,3500,3500,3595,3750,3500,3500,3625,3690,3690,3650,3695,3800,3650,3600,3599,3500,3300,3297,3395,3460,3500,3500,3595,3600,3500,3480,3450,3450,3298,3200,3238,3400,3500,3500,3450,3625,3500,3590,3500,3595,3400,3575,3650,3595
Gravesend,Brooklyn,neighborhood,,1519,1400,1388,,,,,,1325,1313,1300,1300,1275,1400,,,1475,1423,1498,1250,1359,1250,1275,1500,1445,,,1250,1410,1410,1500,1563,1250,1325,1495,1400,1375,1375,1400,1393,1400,1600,1700,1500,1550,1525,1500,1475,1450,1400,1400,1400,1400,1600,1700,1450,1495,1613,1575,1650,1675,1700,1700,1695,1625,1675,1700,1750,1750,1750,1675,1750,1725,1775,1850,1925,1985,1695,1775,1800,1825,1910,1773,1800,1895,1800,1800,1750,1800,1800,1713,1800,1710,1875,1735,1698,1700,1750,1799,1913,1799,1800,1850,1750,1950,1800,1750,1725
Greenpoint,Brooklyn,neighborhood,2300,2225,2350,2300,2300,2250,2400,2500,2575,2700,2600,2500,1950,2200,2300,2425,2500,2500,2375,2400,2300,2495,2325,2500,2300,2300,2300,2600,2600,2500,2500,2700,2500,2650,2650,2700,2500,2650,2650,2650,2650,2795,2750,2800,2750,2950,2750,2695,2800,2850,2750,2850,3000,3000,2850,2850,2800,2800,2700,2599,2500,2600,2600,2800,2710,2700,2900,3000,2895,2850,2700,2700,2750,2700,2760,2800,2800,2800,2850,2905,2850,2850,2850,2800,2800,2800,2750,2750,2795,2900,2900,2795,2850,2700,2699,2597,2600,2597,2700,2750,2775,2995,3000,2950,2900,2800,2765,2800,2850
Greenwich Village,Manhattan,neighborhood,3200,3200,2979,3000,3000,3000,3000,3000,3650,3800,3700,3563,3400,3500,3250,3250,3300,3200,3000,3600,3938,3950,3973,3950,3695,3650,3700,3750,3595,3495,3600,3700,3973,3750,3895,3683,3600,3795,3600,3500,3500,3450,3500,3498,3475,3550,3650,3666,3725,3800,3773,3673,3700,3495,3450,3495,3500,3885,3895,3895,3850,3700,3700,3600,3550,3500,3550,3800,3995,4150,4000,4025,4000,3895,3995,3900,3775,3785,3795,3795,3900,3900,3800,3800,3825,3795,3798,3800,3713,3595,3600,3500,3600,3593,3550,3500,3550,3773,3550,3650,3650,3800,3800,3750,3850,3795,4000,3997,4195
Greenwood,Brooklyn,neighborhood,1775,1750,1700,1700,1800,1800,2000,2400,2500,2125,1999,1900,1900,1395,1950,2450,2450,2000,2000,2050,2125,2650,2400,2100,1948,2000,2000,2000,1998,1950,1950,2150,2125,2048,2200,2250,2100,2100,2150,2100,1900,2150,2200,2200,2400,2350,2275,2000,2000,2050,2200,2200,2200,2200,2195,2100,2100,2150,2200,2200,2200,2125,2125,2200,2200,2200,2300,2298,2300,2300,2295,2275,2200,2200,2200,2175,2200,2300,2300,2400,2200,2100,2100,2100,2198,2200,2197,2300,2300,2350,2300,2350,2300,2500,2450,2399,2190,2250,2400,2450,2550,2669,2695,2750,2600,2450,2395,2200,2275
Hamilton Heights,Manhattan,neighborhood,1650,1700,1688,1800,1695,1750,1795,1750,1900,1875,1800,1800,1775,1688,1663,1650,1700,2050,2025,2000,2275,2200,2350,2400,2450,2100,1900,1875,1950,2175,1995,1925,1850,1960,2100,2150,1995,2100,2000,1997,2198,2100,2100,2100,2273,2100,2150,2000,2100,2100,2100,2125,2173,2100,2250,2250,2200,2250,2250,2288,2300,2400,2300,2275,2400,2500,2500,2500,2400,2295,2300,2400,2400,2400,2500,2400,2373,2300,2300,2350,2350,2338,2400,2450,2400,2375,2387,2400,2432,2500,2465,2400,2495,2400,2350,2300,2250,2200,2398,2575,2475,2400,2500,2500,2595,2403,2495,2450,2375
Highbridge,Bronx,neighborhood,,,1125,,,,,,,,,,,,,,,,,,,,,,,,,,,,,,,,,,,,1248,,,,,,,,,,,,,,,,,,1525,1525,1525,1400,1250,1350,1275,1297,,1525,1250,1688,1500,1675,1348,1700,1900,1900,,1650,1650,1700,1700,1700,1638,1699,1600,1549,1650,1650,1650,1588,1625,1750,1800,1750,2030,1850,1790,1790,1885,1970,1800,1763,1800,1800,1775,1725,1800,1995,1950,1950,2155
Hillcrest,Queens,neighborhood,,,,,,,,,,,,,,,,,,,,,,,,,,,,,,,,,,,,,,,,,,,,,,,,,,,,,,,,,,,,,,,,,,,,,,,,,,,,,,,,,,,,,,,2500,2425,2350,2375,2525,,,,,,,,,2550,,,,4075,,,,3350,3100
Hollis,Queens,neighborhood,,,,,,,,,,,,,,,,,,,,,,,,,,,,,,,,,,,,,,,,,,,,,,,,,,,,,,,,,,,,,,,,,,,,,,,,,,,,,,,,,,,,,,,,,,,,,,,,,,,,,,,,,,,,,
Howard Beach,Queens,neighborhood,,,,,,,,,,,,,,,,,,,,,,,,,,,,,,,,,,,,,,,,,,,,,,,,,,,,,,,,,,,,,,,,,,,,,,1400,1400,,,,,,,,,,,,,,,,,,,2200,1950,,,1725,,,,,1800,,,,,,2000,,2000,2000,
Hunts Point,Bronx,neighborhood,,,,,,,,,,,,,,,,,,,,,,,,,,,,,,,,,,,,,,,,,,,,,,,,,,,,,,,,,,,,,,,,,,,,,,,,,,,,,,,,,,,,,,,,,,1650,1650,,,,2125,,1625,,,,,,,,,,,,
Inwood,Manhattan,neighborhood,1400,1395,1395,1395,1350,1349,1363,1450,1595,1595,1595,1600,1700,1595,1573,1600,1573,1395,1500,1468,1600,1625,1450,1510,1475,1450,1465,1453,1475,1545,1545,1550,1525,1499,1425,1450,1450,1400,1500,1413,1538,1700,1700,1675,1600,1725,1738,1725,1750,1588,1587,1650,1603,1650,1650,1700,1750,1750,1800,1650,1782,1750,1685,1850,1800,1895,1950,1950,1800,1900,1900,1879,1901,1791,1846,1950,1950,1850,1850,1813,1800,1795,1795,1795,1750,1800,1850,1875,1881,1850,1850,1850,1845,1845,1750,1795,1850,1850,1900,1900,1850,2000,1998,1925,1925,1975,1913,1877,1800
Jackson Heights,Queens,neighborhood,1250,1250,1425,,,1363,1375,,,,,1525,,,1345,1345,1375,1375,1325,1450,1525,,1395,1500,1500,1500,1500,1440,1500,1500,1500,1500,1575,1700,1675,1600,1548,1600,1600,1650,1575,1500,1625,1500,1575,1600,1625,1600,1600,1725,1750,1750,1750,1700,1700,1700,1700,1700,1700,1700,1750,1750,1750,1750,1750,1800,1800,1813,1800,1798,1800,1800,1800,1800,1750,1800,1800,1842,1863,1900,1875,1900,1913,1950,1950,1850,1850,1850,1850,1850,1850,1850,1900,1850,1900,1925,1900,1950,1894,1875,1850,1850,1950,1950,1950,1900,1795,1795,1788
Jamaica,Queens,neighborhood,,,,,,,,,,,,,,1525,,,,,,,,,,,1750,1758,1758,1616,1616,1899,1758,,,,,,,,,1573,1595,1500,1545,1795,1650,1595,1688,1750,,,1595,,,,,,2000,1645,1695,1850,2150,,1813,1550,1600,1695,1625,1625,1600,1549,1750,1945,1800,1800,1950,1994,1875,,,1956,1854,1902,1902,1950,1903,1950,2010,2000,1975,2383,2450,1725,1763,2050,1828,1828,1995,1995,1995,1998,1946,2200,2383,2329,2275,2170,2170,2125,2170
Jamaica Estates,Queens,neighborhood,,,,,,,,,,,,,,,,,,,,,,,,,,,,,,,,,,,,,,,,,,,,,,,,,,,,,,,1525,1650,1673,,1650,1700,1700,,1573,,1650,1695,1625,1700,1700,1650,1613,1638,1625,1650,1573,1550,1625,1700,1700,1900,1700,1700,1750,2025,2250,2195,1738,1795,1600,1750,1938,2998,2495,1995,1995,1875,1850,1800,1888,1800,1833,2545,2320,2295,2360,2325,1893,2399,1623
Jamaica Hills,Queens,neighborhood,,,,,,,,,,,,,,,,,,,,,,,,,,,,,,,,,,,,,,,,,,,,,,,,,,,,,,,,,,,,,,,,,,,,,,,,,,,,,,,,,,,,1613,1650,1588,1625,1925,2000,,2250,,,,,,,,,,,2400,2400,,,,,,
Kensington,Brooklyn,neighborhood,1800,1775,1775,1975,,,,1700,1675,1600,1650,1600,,1650,2400,1700,1700,1688,1550,1600,1675,1638,1500,1550,1650,1525,1600,1800,1800,1600,1550,1650,1800,1850,1988,1700,1500,1500,1700,1650,1850,1650,1650,1750,1800,2000,2000,1800,1750,1695,1900,1900,1900,1900,1800,1750,1800,1950,1925,1875,1799,1829,1873,2000,1995,2000,2100,2000,2100,2200,2193,2050,2100,2000,2000,2100,2049,2000,2100,2163,2100,2150,2100,2100,2100,1970,1895,1900,1950,2000,2100,2050,2000,2050,2000,2000,2095,2100,2100,1988,1995,2000,2200,2200,2100,2000,2100,2100,2142
Kew Gardens,Queens,neighborhood,1500,1425,1463,1438,1425,1350,1438,1450,,1399,,,,1725,1500,1412,1300,1375,,1450,1450,1450,1468,,1485,1525,1500,1438,1750,2100,2250,2877,2995,3046,2225,2150,1650,1673,1648,1575,1750,1900,1900,1850,2000,1800,1733,1800,1850,1750,1550,1550,1650,1650,1650,1950,1755,1700,1650,1695,1725,1725,1750,1850,1850,1750,1850,1950,1913,1950,1895,2000,2000,1800,1800,1900,1950,1950,2000,2000,1825,1863,1900,2000,1975,1900,1973,2000,1850,1848,1838,1950,1875,1925,2000,2000,2000,1850,1950,1895,1838,2000,1895,1875,1800,1860,1850,1997,1850
Kew Gardens Hills,Queens,neighborhood,,,,,,,,,1798,,,,,,,,,,,,,,,,,,1363,1450,1573,1573,,,,,,1623,,,,1695,1695,,,,,1875,1700,1750,2150,2075,2075,1800,1800,1800,1725,2075,1775,2099,2099,1750,1750,1725,1550,1738,1875,1744,1950,1775,1775,1950,1950,1913,1925,1875,1950,1955,1788,1900,1950,2050,2045,2013,2000,2007,1975,1975,1975,1950,1925,1875,1811,1975,1975,1975,1975,1850,1900,1875,1895,2000,2000,2000,1899,1875,2000,2000,1983,1853,1890
Kingsbridge,Bronx,neighborhood,1184,1193,1300,1300,1200,1200,,,,,,,,,,,,,,,,,,,,2150,2165,2225,2350,,,1750,1750,1525,1388,1300,1325,1295,1295,1250,1150,1150,1248,1555,1610,1610,1500,1450,1450,1200,1350,1500,1550,1630,1548,1450,1348,1350,1400,1500,1450,1500,1475,1400,1475,1450,1475,1625,1625,1500,1575,1600,1550,1500,1600,1675,1695,1700,1800,2017,1850,1900,2000,2000,1925,1600,1750,1697,1919,1625,1625,1700,1625,1750,1750,1725,1550,1625,1775,2000,1950,1863,1750,1775,1813,1750,1750,1723,1695
Laconia,Bronx,neighborhood,,,,,,,,,,,,,,,,,,,,,,,,,,,,,,,,,,,,,,,,,,,,,,,,,,,,,,,,,,,,,,,,,,,,,,,,,,,,,,,,,,,,,,,,,,,,,,,,,,,,,,,,,,,,,
Laurelton,Queens,neighborhood,,,,,,,,,,,,,,,,,,,,,,,,,,,,,,,,,,,,,,,,,,,,,,,,,,,,,,,,,,,,,,,,,,,,,,,,,,,,,,,,,,,,,,,,,,,,,,,,,,,,,,,,,,,,,
Little Italy,Manhattan,neighborhood,3295,3050,3000,2999,2885,2600,3700,3795,5200,4750,4800,4750,4725,4450,4725,3200,3300,3075,3700,3995,4175,3500,2950,2950,3500,3450,3548,3450,2875,2599,2499,2500,2800,2575,3700,4125,4000,3950,3500,4650,3650,3300,3400,3198,3125,3100,3175,3225,3250,3498,3500,3148,2875,3250,3425,3775,3250,2900,2950,2700,2950,2875,3000,3000,3225,3050,3200,3695,3695,3225,3598,3700,3600,3250,2800,2875,3295,3295,3500,3500,3325,3100,3150,3200,3150,3150,3175,3000,2799,2950,2900,3058,3060,2698,2800,2625,2600,2600,3250,3500,3087,2990,3000,2773,2700,3150,3173,3075,3250
Little Neck,Queens,neighborhood,,,,,,,,,,,,,,,,,,,,,,,,,,,,,,,,,,,,,,,,,,,,,,,,,,,,,,,,,,,,,,,,,,,,,,,,,,,,,,,,,,,,,,,,,,2600,2550,,,,,,,,,,,,,,,,,,
Long Island City,Queens,neighborhood,2325,2500,2525,2600,2700,2725,2678,2680,2758,2735,2700,2715,2668,2650,2750,2775,2850,2875,2940,2905,3000,2900,2900,2788,2800,2930,2915,2938,2850,2885,2885,2875,2900,2900,2903,2860,2798,2838,2850,2995,2995,2995,2950,2900,2825,2778,2998,3063,3024,2939,2800,2800,2783,2730,2673,2750,2895,2995,2995,2995,3000,3025,2950,2966,2950,3100,3100,2995,2995,2900,2908,3000,2995,3000,3110,3100,3150,3168,3150,3100,3060,2984,2960,2995,3028,3005,2980,2996,2952,3000,3055,3100,3000,2900,2829,2840,2828,2895,2949,2900,3025,3101,3111,3115,3201,3092,3086,3094,3066
Longwood,Bronx,neighborhood,,,,,,,,,,,,,,,,,,,,,,,,,,,,,,,,,,,,,,,,,,,,,,,,,,,,,,,,,,,,,,,,,,,,,,,,,,,,,,,,,,,,,,,1800,1575,,1563,,,,,,,,,,,,,1650,1550,,2088,,,2028
Lower East Side,Manhattan,neighborhood,2295,2250,2295,2250,2495,2400,2400,2500,2598,2500,2500,2600,2500,2500,2400,2395,2395,2400,2495,2595,2700,2700,2695,2300,2450,2650,2800,2995,2795,2750,2695,2700,2800,2750,2850,2998,2873,2993,2899,2895,2845,2825,2795,2795,2900,2850,2795,2800,2846,2750,2798,2795,2798,2950,2950,3000,3000,2995,2995,3000,3000,2995,2848,2895,2995,3100,3150,3197,3250,3000,3000,3000,3000,3000,2995,3100,3200,3325,3297,3300,3295,3100,3098,2900,2895,3100,3000,3000,3200,3156,3200,3197,3099,3000,2995,2950,2995,2950,3030,3200,3250,3200,3250,3300,3300,3300,3300,3275,3275
Manhattan,Manhattan,borough,2800,2795,2728,2800,2800,2825,2885,2895,2995,3000,2995,2950,2950,2995,2950,3000,3000,3100,3100,3175,3250,3265,3250,3200,3180,3100,3100,3195,3200,3200,3200,3200,3250,3200,3250,3250,3200,3200,3200,3200,3200,3175,3195,3225,3269,3250,3250,3245,3200,3200,3200,3271,3295,3250,3200,3200,3200,3200,3200,3200,3200,3250,3250,3295,3325,3350,3350,3395,3400,3350,3295,3300,3300,3300,3350,3391,3400,3395,3370,3300,3345,3300,3300,3254,3230,3257,3250,3300,3300,3300,3300,3300,3300,3276,3200,3201,3204,3205,3200,3250,3300,3300,3300,3300,3300,3277,3280,3300,3300
Manhattan Beach,Brooklyn,neighborhood,,,,,,,,,,,,,,,,,,,,,,,,,,,,,,,,,,,,,,,,,,,,,,,,,,,,,,,,,,,,,,,,,,,,,,,2900,3700,,,,,4100,,,,,,,,,2500,,,,,,,,,,,,,,,,,,,,,,,
Manhattanville,Manhattan,neighborhood,,,,,,,,,,,,,,,,,,,,,,,,,,,,,,,,,,,,,,,,,,,,,,,,,,,,,,,,,,,,,,,,,,,2200,2400,,,,,,2100,2048,,,,,,,,,,,,,,,,,,,,1995,,,2230,2045,2045,2800,2799,2795,2795,2795,2375,2225,2200,2150
Marble Hill,Manhattan,neighborhood,,,,,,,,,,,,,,,,,,,,,,,,,,,,,,,,,,,,,,,,,,,,,,,,,,,,,,,,,,,,,,,,,,1750,,,,,,,,,,,,,,,,,,,,,,,,,2200,2235,2200,,,,,2200,,2320,,,2240,2220,2013,1920,2100,2220,2425
Marine Park,Brooklyn,neighborhood,,,,,,,,,,,,,,,,,,,,,,,,,,,,,,,,,,,,,,,,,,,,,,,,,,,,,,,,,,,,,,,,1700,1800,1600,1525,1700,1825,,,1750,,,2150,,2000,1800,,1868,2200,,,2050,1875,1850,,,1750,1750,1950,2000,,,2096,2271,2300,2300,,,,,,1699,,2250,2700,2600,1700
Maspeth,Queens,neighborhood,,,,,,,,,,,,,,,1500,,,,,,,,,,,,,,,,1625,,,,1550,,1550,1550,1575,,,,,,,,,,1850,1650,1675,,1700,1850,1725,1625,1900,1800,2150,1800,2400,2400,2400,2000,1950,1900,2000,1950,1900,1800,1800,1875,1850,1850,1800,2100,2000,2100,2200,2175,2100,2000,2100,2100,2000,2025,2100,2125,2100,2150,2187,2200,2200,2095,2000,2000,2100,2000,2150,2125,2000,2200,2075,2200,2095,2050,2025,2075,2150
Melrose,Bronx,neighborhood,,,,,,,,,,,,,,,,,,,,,1237,1243,1243,1150,,,,,,,,,,,,,,,,,,,,,,,,,,,,,,,,,,,,,,,,,,,,,,,,,,,,,,,,,,,,,,,,1713,1925,1982,2000,2025,,1880,1817,,,,,,1900,1663,,1842,1775,1675,,,1840
Middle Village,Queens,neighborhood,,,,,,,,,,,,,,,,,,,,,,,,,,,,,,,,,,,,,,,,,,,,,,,,,,,,,,1798,1798,,,1800,1800,1775,1775,,1875,1900,2075,2150,2000,2000,2000,2000,2000,2100,1880,1800,1850,1800,1999,1999,1999,2000,2000,2000,2000,2025,2100,2100,2250,1900,1875,2000,1973,1950,2000,1999,1875,1723,,2200,2000,2075,2085,2199,2050,2100,2200,2200,2050,2000,2100
Midtown,Manhattan,neighborhood,3800,3900,3950,4160,4000,4000,3995,3995,4000,3900,4100,4000,4195,4250,4000,4250,4100,4000,4225,4375,4200,4450,4500,4350,4450,4300,4195,4250,4495,4200,4125,4095,4273,4200,4000,4000,3995,4250,4150,4000,3995,4000,3850,3900,3900,4000,3950,3800,3838,3800,3957,3900,3850,3900,3850,3850,3895,4000,4000,4000,4200,4000,4000,4000,4225,4124,4147,3985,3975,4000,4000,4025,4095,4350,4005,4000,4095,4100,4021,3970,3983,3900,3900,3960,3995,4000,3999,4000,4200,4200,4198,3802,4000,3900,3886,3900,3895,3950,3900,3800,3800,3900,3895,3900,3946,3995,4000,3898,3956
Midtown East,Manhattan,neighborhood,2695,2625,2650,2700,2700,2700,2800,2800,2800,2800,2900,2895,2900,2985,2950,3000,3050,3200,3200,3170,3200,3200,3200,3150,3100,3050,3050,3095,3100,3100,3100,3150,3195,3150,3150,3150,3150,3200,3195,3195,3195,3195,3195,3200,3200,3200,3200,3215,3195,3200,3200,3250,3240,3250,3200,3243,3200,3200,3295,3226,3295,3300,3300,3350,3400,3400,3400,3400,3450,3350,3332,3350,3300,3369,3350,3400,3400,3395,3400,3400,3400,3395,3329,3307,3298,3350,3330,3395,3395,3400,3380,3325,3300,3314,3195,3200,3250,3276,3295,3350,3400,3400,3450,3400,3395,3400,3400,3450,3400
Midtown South,Manhattan,neighborhood,3198,3200,3250,3340,3400,3375,3400,3380,3385,3325,3425,3400,3450,3300,3400,3525,3450,3495,3500,3500,3398,3300,3475,3300,3475,3300,3300,3450,4050,3895,3770,3700,3625,3675,3600,3498,3500,3450,3450,3450,3600,3500,3550,3525,3500,3550,3595,3500,3400,3500,3450,3495,3645,3650,3525,3650,3625,3550,3650,3800,3695,3600,3695,3695,3700,3775,3785,3950,3950,3895,3895,3950,3944,3950,3895,3895,3924,3930,3965,3924,3992,3995,3965,3950,3895,3950,3965,3964,3922,3875,3950,3969,3965,3950,3687,3600,3554,3600,3598,3650,3684,3950,3850,4045,3988,3967,3862,3885,3895
Midtown West,Manhattan,neighborhood,2600,2650,2650,2650,2790,2800,3000,2895,2953,3000,3000,2995,2950,2983,3055,3100,3150,3100,3195,3200,3270,3260,3255,3298,3200,3150,3290,3300,3300,3250,3300,3350,3390,3350,3450,3475,3397,3400,3390,3350,3290,3300,3275,3300,3346,3395,3350,3350,3350,3350,3425,3320,3450,3450,3400,3330,3300,3400,3433,3450,3450,3500,3495,3495,3500,3500,3485,3490,3493,3400,3350,3300,3277,3310,3395,3450,3453,3400,3400,3400,3450,3400,3369,3331,3300,3323,3215,3342,3400,3421,3451,3495,3450,3400,3300,3300,3299,3300,3300,3390,3450,3495,3465,3470,3500,3500,3490,3519,3483
Midwood,Brooklyn,neighborhood,,,1898,1898,,,,,,,,,,1600,1423,1500,1500,1500,1500,1500,1495,1500,1500,1450,1450,1400,1300,1400,1500,1500,1450,1350,1300,1300,1500,1423,1423,1275,1250,1300,1550,1350,1325,1315,1308,1325,1363,1350,1350,1350,1350,1400,1595,1563,1600,1638,1550,1500,1473,1450,1500,1550,1525,1550,1600,1750,1750,1800,1775,1750,1750,1800,1700,1800,1850,1850,1897,1925,1850,1800,1850,1700,1750,1773,1800,1750,1825,1800,1799,1800,1825,1735,1850,1781,1825,1750,1795,1745,1725,1750,1750,1749,1800,1800,1863,1800,1799,1784,1850
Mill Basin,Brooklyn,neighborhood,,,,,,,,,,,,,,,,,,,,,,,,,,,,,,,,,,,,,,,,,,,,,,,,,,,,,,,,,,,,,,,,,,,,,,,,,,,,,,,,,,,,,,,,,,,,,,,,,,,,,,,,2400,,,,,
Morningside Heights,Manhattan,neighborhood,2200,2150,2100,2000,2050,2178,2178,1995,1995,2350,2423,2396,2396,2373,2373,2500,2500,2385,2850,2875,2995,2500,2625,2650,2813,2675,2550,2795,2950,2950,2995,2795,2973,2775,2725,2700,2575,2650,2697,2795,2825,2800,2850,2888,3000,3075,2993,2993,3280,3140,3225,3275,3365,3265,3350,3382,3295,3195,3270,3333,3000,3260,3255,3288,3390,3500,3500,3460,3370,3390,3000,3010,2950,3192,3254,3300,3254,3300,3360,3300,3300,3315,3295,3208,3284,3197,3190,3240,3214,3100,3200,3215,3000,2875,2887,2979,2900,2979,2995,2997,3150,3195,3200,3225,3125,3010,2975,2917,2985
Morris Heights,Bronx,neighborhood,,,,,,,,,,,,,,,,,,,,,,,,,,,,,,,,,,,,,,,,,,,,,,,,,,,,,,,,1295,1250,1250,1250,1295,1295,1295,1295,1295,1295,1295,,1914,1450,1595,,,1700,1600,1545,1545,2000,,,1525,1495,1525,1600,1600,1600,1600,1798,1495,1495,1650,1600,1700,1675,1675,1675,,,,,,,,1750,1800,1800,1595,1602,1698,1695
Morris Park,Bronx,neighborhood,,,,,,,,,,,,,,,,,,,,,,,,,,,,,,,,,,,,,,,,,,,,,,,,,,,1300,1350,1387,1399,1472,1400,1400,1400,1400,1400,1400,1400,1400,1450,1400,1492,1484,1450,1450,1500,1500,1450,1450,1450,1450,1450,1450,1500,1500,1500,1500,1550,1500,1500,1500,1550,1575,1600,1600,1700,1625,1600,1695,1600,1600,1600,1800,1825,1900,1899,1850,1850,1824,1838,1800,1850,1650,1675,1775
Morrisania,Bronx,neighborhood,,,,,,,,,,,,,,,,,,,,,,,,,,,,,,,,,,,,,,,,,,,,,,,,,,,,,,,,,,,,,,,,1123,1123,,,,,,,,,,,,,,,,1850,1700,,,,,,,,,,,,,,,1825,,,,,,,1775,1623,2200,1700,2000,1700
Mott Haven,Bronx,neighborhood,,,,,1600,,,,,,,1500,1500,,,926,763,926,,,,,,,,,,,,,,,,,,,,,,1500,1500,1900,1900,1800,,,,,1800,1800,1850,,1575,1599,1600,1600,1625,1500,1525,1665,1699,1700,1700,1750,1750,1700,1725,1750,1875,2000,2150,2100,2100,2050,2150,1850,1800,1913,1948,1900,1900,1900,2350,2367,2200,1988,2118,1950,1950,1950,1950,1950,1860,1925,2155,2155,2155,2200,2200,2238,2250,2280,2300,2250,2125,2000,2000,1950,2050
NYC,,city,2650,2600,2600,2650,2695,2700,2750,2750,2830,2850,2800,2750,2750,2750,2750,2800,2800,2900,2900,2975,3000,3000,3000,2995,2975,2945,2950,2995,2995,2995,2995,3000,3050,3000,3000,3000,2995,3000,3000,3000,2995,2995,2995,3000,3000,2995,2950,2940,2900,2900,2900,2950,2950,2924,2892,2895,2850,2825,2800,2800,2800,2800,2800,2850,2850,2899,2900,2950,2900,2895,2833,2850,2865,2895,2900,2933,2954,2980,2975,2950,2900,2875,2800,2800,2750,2750,2700,2750,2775,2795,2800,2862,2800,2795,2700,2700,2695,2665,2699,2750,2795,2800,2825,2800,2794,2700,2660,2665,2699
New Hyde Park,Queens,neighborhood,,,,,,,,,,,,,,,,,,,,,,,,,,,,,,,,,,,,,,,,,,,,,,,,,,,,,,,,,,,,,,,,,,,,,,,,,,,,,,,,,,,,,,,,,,,,,,,,,,,,,,,,,,,,,
Nolita,Manhattan,neighborhood,3248,2825,3195,3273,3325,3350,2900,3395,3348,3500,3100,2995,3300,3300,2825,3200,3395,3200,3495,3495,3685,3548,3995,3598,3595,3495,3495,3495,3495,3495,3495,3495,3395,3395,3395,3225,3395,3100,3225,3300,3495,3795,3600,3495,3495,2500,3395,3400,3300,3225,3300,3398,3400,3400,3495,3495,3495,3420,3500,3495,3595,3450,3495,3595,3500,3595,3595,3595,3550,3500,3500,3550,3595,3560,3595,3973,3795,3750,3695,3695,3850,3800,3875,3800,3600,3995,3600,3748,3679,3723,3795,3795,3625,3495,3498,3500,3500,3495,3500,3595,3645,3695,3895,3700,3595,3620,3695,3498,3363
North Brooklyn,Brooklyn,submarket,2500,2475,2484,2500,2550,2625,2700,2800,2850,2900,2750,2700,2600,2650,2700,2850,2850,2900,2900,2857,2850,2900,2975,2850,3000,2995,2950,3000,3000,3150,3100,3000,3300,3300,3277,3372,3200,3200,3150,3000,3000,3200,3200,3150,3100,3050,3033,2950,3000,3000,3000,3150,3195,3200,3200,3200,3115,3047,3000,3000,3000,3000,3000,3050,3000,3150,3250,3200,3125,3115,3126,3195,3195,3080,3025,3000,3100,3100,3100,3100,3095,3079,3000,2999,2999,2985,3000,3000,3000,3099,3095,3000,3000,2977,2875,2800,2800,2875,2900,2953,2999,3000,3000,3000,2999,2995,2899,2861,2951
North Corona,Queens,neighborhood,,,,,,,,,,,,,,,,,,,,,,,,,,,,,,,,,,,,,,,,,,,,,,,,,,,,,1475,1850,,,,,,,1748,1550,1595,,,1595,1595,,,1995,1850,,1613,1675,,,,,,,,,,,,,,1775,1725,2250,1763,,,1695,1550,,1575,1610,1700,1725,1633,1950,1950,1700,1698,,,1645,1550
Northeast Queens,Queens,submarket,1650,1600,1625,1450,1400,1350,1400,1550,1550,1600,1473,1495,1495,1500,1500,1500,1600,1700,1725,1775,1650,1500,1600,1575,1575,1525,1626,1663,1700,1700,1750,1850,1825,1850,1725,1700,1650,1673,1700,1700,1700,1700,1798,1850,1900,1790,1725,1800,1800,1750,1700,1750,1725,1775,1765,1950,1873,1850,1895,1800,1800,1800,1800,1850,1850,1850,1890,1900,1895,1950,1885,1898,1900,1925,1955,2000,1998,1950,1950,1895,1950,2000,1950,2000,1975,1975,1950,2000,1950,2000,2100,2000,1925,1975,1995,1900,1975,1899,1899,1950,1963,2000,1995,1950,1995,1928,1950,2000,1950
Northwest Brooklyn,Brooklyn,submarket,2300,2300,2290,2300,2400,2400,2475,2500,2600,2600,2489,2400,2495,2500,2500,2500,2500,2580,2600,2718,2800,2800,2700,2700,2800,2795,2800,2800,2800,2800,2863,3000,3000,3000,3000,3000,2850,2900,2950,3000,2997,3000,3000,3075,3000,2966,2900,2900,2950,2950,2950,2950,2950,2950,2950,3000,2900,2988,3000,2900,2900,2950,3000,3000,3000,3000,3000,3020,3100,3000,3000,2995,3000,3000,3030,3050,3100,3092,3060,3048,3000,3000,2970,2925,2950,2993,2950,2995,2999,3000,3000,3000,2995,2998,2913,2979,2995,2950,3000,3000,3163,3197,3200,3199,3100,3025,3100,3128,3100
Northwest Queens,Queens,submarket,1800,1817,1944,1950,1950,2000,2000,2030,2200,2313,2198,2100,1900,2000,1900,1900,1985,2200,2150,2200,2500,2200,2600,2250,2200,2810,2785,2760,2745,2720,2765,2758,2670,2585,2400,2370,2300,2250,2200,2300,2300,2300,2375,2500,2550,2400,2500,2400,2320,2250,2200,2500,2400,2495,2395,2395,2350,2350,2300,2275,2300,2295,2300,2400,2400,2400,2400,2475,2400,2350,2395,2400,2350,2400,2400,2450,2500,2500,2500,2550,2500,2400,2395,2350,2300,2300,2300,2300,2300,2350,2350,2418,2400,2326,2350,2300,2250,2246,2250,2295,2300,2300,2327,2400,2400,2300,2300,2295,2300
Norwood,Bronx,neighborhood,,,,,,,,,,,,,,,,,,,,,,,,,,,,,,,,,,,,,,,,1595,,,,,1250,1225,1200,,,1200,1200,,,,1300,1300,1300,1348,1400,1325,1298,1400,1450,1400,1400,1473,1400,1400,1450,1425,1400,1352,1350,1350,1425,1498,1425,1400,1425,1400,1498,1500,1500,1463,1495,1500,1475,1495,1485,1475,1500,1550,1550,1675,1695,1500,1683,1595,1499,1475,1475,1900,1750,1550,1550,1550,1675,1795,1675
Oakland Gardens,Queens,neighborhood,,,,,,,,,,,,,,,,,,,,,,,,,,,,,,,,,,,,,,,,,,,,,,,,,,,,,,,,1800,,,,2000,1925,1875,1975,2100,2025,1950,1950,2000,1950,1850,1850,,,,1850,1800,1800,2150,1950,1750,2050,2125,2100,1725,1700,1725,1725,2075,2150,1763,2100,1763,,1700,1650,1650,,,,,,,,,,,1775,2200,2000
Ocean Parkway,Brooklyn,neighborhood,,,,,,,,,,,,,,1288,1349,1325,,1475,1550,1374,1400,1550,1475,1300,1400,1300,1300,1375,1375,1375,1375,1400,,,,1350,1350,1400,1375,1600,1573,1625,1575,1588,1700,1545,1425,,,1395,1700,1700,1550,1650,1563,1495,1438,1600,1625,1498,1488,1475,1750,1560,1550,1600,1500,1538,1600,1595,1550,1550,1593,1650,1585,1650,1725,1725,1875,1875,1750,1875,1900,1938,1800,1950,2055,2158,1950,2000,1750,1888,1850,1850,1698,1675,1680,1800,1738,1750,1747,1850,1725,1895,1997,1950,1950,1995,1950
Old Mill Basin,Brooklyn,neighborhood,,,,,,,,,,,,,,,,,,,,,,,,,,,,,,,,,,,,,,,,,,,,,,,,,,,,,,,,,,,,,,,,,,,,,,,,,,,,,,,,,,,,,,,,,,,,,,,,,,,,,,,,,,,,,
Ozone Park,Queens,neighborhood,,,,,,,,,,,,,,,,,,,,,,,,,,,,,,,,,,,,,,,,,,,,,,,,,,,,,,,,,,,,,,,,,,,,,,,,,,,,,,,,,,,,,,,,,,,,,,,,,,,,,1475,1580,1650,1550,1475,1500,,,
Park Slope,Brooklyn,neighborhood,2200,2150,2200,2200,2450,2485,2400,2400,2600,2500,2350,2395,2495,2500,2500,2500,2573,2700,2600,2700,2800,2800,2800,2708,2600,2550,2700,2725,2700,2850,2700,2750,2850,2850,2900,2800,2650,2600,2595,2650,2800,2800,2750,2800,2750,2698,2607,2607,2600,2675,2695,2750,2800,2850,2800,2800,2800,2850,2800,2800,2829,2887,2900,2875,2900,2950,2995,2850,2800,2800,2800,2800,2850,2800,2800,2850,2895,2900,2900,2900,2900,2800,2800,2800,2795,2750,2700,2700,2800,2800,2800,2800,2900,2800,2800,2800,2800,2750,2700,2833,2880,2884,2900,2950,2950,2995,2950,2900,2850
Parkchester,Bronx,neighborhood,,,,,,,,,,,,,,1300,,1200,1100,1163,,,,,,,,,,,,,,,,,,,,,,1300,,1238,,,1425,1175,1100,,,,,,,,1240,1240,1235,1255,1262,1244,1300,1415,1414,1225,1250,1238,1225,1295,1297,1297,1250,1400,1620,1345,,,,,1500,1840,1610,1582,1558,1550,1550,1680,1625,1846,1680,1605,1600,1598,1608,1450,1395,1395,1425,1425,1435,,1450,1450,1495,1513,1500,1507,1513,1483,1514
Pelham Bay,Bronx,neighborhood,,,,,,,,,,,,,,,,,,,,,,,,,,,,,,,,,,,,,,,,,,,,,,,,,,,,,,,,,,,,,,2000,1322,1300,,1300,2125,,,,,1500,,1425,,,,1500,,,,1500,1500,1500,1413,1375,,,1448,1500,1563,1625,1700,1625,1625,1500,1550,,,1800,1695,,1550,1800,1750,1700,2000,1950,
Pelham Gardens,Bronx,neighborhood,,,,,,,,,,,,,,,,,,,,,,,,,,,,,,,,,,,,,,,,,,,,,,,,,,,,,,,,,,,,,,,,,,,,,,,,,1905,1899,1862,,,,,,,1700,,,,,,,,,,1750,,,1800,,,,,,,,,1875,,,,,
Pelham Parkway,Bronx,neighborhood,,,,,,,,,,,,,,,,,,,,,,,,,,,,,,,,,,,,,,,,,,,,,,,,,,,,,,,,,,,,,,,,,,,,,,,,,,,,,,,,,,,,,,,,,,,,,,,,,,,,,,,,,,,,,
Pomonok,Queens,neighborhood,,,,,,,,,,,,,,,,,,,,,,,,,,,,,,,,,,,,,,,,,,,,,,,,,,,,,,,,,,,,,,,,,,,,,,,,,,,1900,,,,,,,,,,,,,,,2200,2200,,,,,,,,,,,,,,,,,,
Port Morris,Bronx,neighborhood,,,,,,,,,,,,,,,,,,,,,,,,,,,,,,,,,,,,,,,,,,,,,,,,,,,,,,,,,,,,,,,,,,,,,,,,,,,,,,,,,,,,,,,,,,,,,,,,,,,,,,,,,,,,,
Prospect Heights,Brooklyn,neighborhood,2150,2150,2000,2000,2000,2300,2300,2100,2050,2500,2250,1925,2300,2500,2398,2525,2623,2498,2550,2700,2700,2525,2500,2450,2200,2250,2398,2500,2400,2550,2500,2650,2450,2500,2300,2275,2400,2725,2625,2725,2500,2500,2625,2999,2900,2800,2600,2600,2500,2700,2450,2725,2800,2800,3000,2800,2800,2691,2695,2600,2750,2720,2720,2750,2900,2900,2900,2995,2796,2750,2800,2798,2750,2775,2895,2850,2850,2850,2800,2850,2975,2975,2700,2650,2700,2800,2800,2850,2957,2954,2950,2900,2900,2825,2800,2800,2800,3000,2975,2850,2998,3042,3150,2979,2880,2850,2750,2900,2939
Prospect Lefferts Gardens,Brooklyn,neighborhood,1795,,,1700,1725,1200,,,1413,,1300,1250,1400,1400,1400,1325,1500,1250,1250,1450,1488,1488,1500,1625,1600,1698,1800,1800,2000,1800,1673,1695,1650,1650,1673,1650,1488,1500,1800,1950,2250,2400,2200,2200,1925,1850,1800,1700,1725,1725,1800,1900,1800,1800,1950,1975,2000,1797,1799,1800,1750,1750,1798,1800,1800,1700,1700,1750,1750,1900,1888,1800,1900,1950,1963,2000,2000,2000,2100,2168,2200,2200,2150,2154,2137,2200,2200,2195,2095,2175,2200,2099,2112,2099,2000,2150,2010,2200,2249,2350,2400,2400,2450,2300,2300,2250,2250,2299,2250
Prospect Park,Brooklyn,submarket,2100,2100,2100,2185,2200,2300,2350,2300,2400,2400,2200,2200,2299,2350,2400,2425,2500,2500,2550,2550,2700,2613,2600,2500,2450,2400,2500,2595,2600,2700,2595,2500,2600,2600,2600,2500,2500,2500,2500,2500,2583,2700,2650,2700,2700,2600,2595,2500,2500,2500,2500,2513,2650,2700,2700,2650,2700,2600,2600,2600,2650,2600,2600,2650,2700,2700,2750,2700,2600,2600,2610,2600,2600,2595,2650,2700,2700,2683,2600,2600,2647,2650,2600,2600,2534,2550,2566,2600,2650,2700,2700,2700,2650,2600,2500,2499,2499,2500,2500,2550,2650,2700,2749,2700,2695,2600,2600,2600,2597
Prospect Park South,Brooklyn,neighborhood,,,,,,,,,,,,,,,,,,,,,,,,,,,,,,,1350,1200,1350,,1550,,1575,1550,1400,1400,1450,1600,1450,1450,1425,1700,2000,1900,1750,2025,2200,2148,2263,2100,2273,2175,2300,2300,2398,2175,2100,1900,2000,2025,2050,1800,1849,1900,1913,1998,2150,2150,2125,2173,2150,2173,2100,2095,2100,2000,2050,2100,2025,1973,2000,1985,1999,2150,2240,2100,1999,2000,2050,1999,1950,1995,2100,2000,1975,2150,2150,2175,2100,2150,2100,2075,1975,2099,2150
Queens,Queens,borough,1655,1675,1700,1695,1550,1550,1550,1550,1563,1600,1550,1550,1550,1550,1650,1650,1750,1800,1775,1800,1850,1795,1795,1800,1800,2500,2500,2350,2495,2455,2445,2375,2200,2100,2000,2000,2000,2000,2000,2000,2100,2100,2200,2233,2300,2200,2150,2100,2100,2095,2000,2237,2100,2300,2175,2200,2150,2100,2100,2100,2100,2100,2100,2100,2195,2200,2200,2250,2200,2200,2200,2200,2200,2200,2200,2300,2300,2300,2300,2350,2300,2250,2210,2250,2200,2200,2200,2200,2200,2200,2250,2300,2250,2200,2200,2195,2150,2150,2200,2200,2200,2200,2250,2296,2274,2200,2195,2150,2200
Queens Village,Queens,neighborhood,,,,,,,,,,,,,,,,,,,,,,,,,,,,,,,,,,,,,,,,,,,,,,,,,,,,,,,,,,,,1725,,,,,,,,,,1663,,,,,,,1675,,,,,1850,1975,,1775,,,,,,1900,,,,,,,1798,,,,,,,,,,,
Queensboro Hill,Queens,neighborhood,,,,,,,,,,,,,,,,,,,,,,,,,,,,,,,,,,,,,,,,,,,,,,,,,,,,,,,,,,,,,,,,,,,,,,,,,,,,,,,,,,,,,,,,,,,,,,,,,,,,,,,,,,,,,
Red Hook,Brooklyn,neighborhood,2000,,,,,,,,2200,2150,1800,1850,1750,1700,1650,1750,,1925,1775,1775,,2250,2300,2300,1950,2000,2000,2300,2250,2300,2400,2400,2350,2350,2200,2400,2500,2500,2500,2500,2600,2550,2500,2400,2700,2500,2425,2425,2500,2500,2500,2500,2695,2800,2650,2500,2550,2475,2600,2600,2500,2300,2450,2400,2500,2500,2406,2299,2250,2655,2815,3000,3000,3150,2900,2950,2875,2673,2950,3000,2999,2698,2695,2375,2475,2500,2850,2699,2600,2699,2650,2800,2800,2850,2850,2850,2700,2800,2825,2775,2800,2800,2550,2600,2625,2500,2700,2767,2613
Rego Park,Queens,neighborhood,1375,1400,1425,1300,1400,1718,1635,1568,1350,1375,1400,1400,1500,1500,1500,1618,1775,1700,1575,1450,1500,1550,1675,1525,1610,1550,1525,1400,1540,1525,1500,1500,1465,1500,1500,1550,1600,1600,1600,1563,1450,1582,1800,1675,1700,1788,1700,1704,1717,1800,1800,1725,1725,1725,1765,1800,1850,1850,1850,1925,1900,1900,1900,1850,1875,1900,1998,2000,2000,2100,2100,2100,2150,2200,2100,2100,2150,2100,2200,2300,2325,2300,2300,2370,2200,2158,2150,2127,2075,2185,2175,2300,2200,2200,2000,2000,2050,2000,2043,2050,2000,1960,2100,2160,2138,2138,2025,2050,2000
Richmond Hill,Queens,neighborhood,,,,,,,,,,,,,,,,,,,,,,,,,,,,,,,,,,,,,,,,,,,,,,,1500,,,,,,,,,,,,,,1400,1500,1600,,,1600,1575,,,,1575,1500,1400,1450,1725,,,,,,,,,,1650,1650,,,,1700,1700,,,,,,,,2100,1775,1625,,,,1900,1850,1650,1650,1788
Ridgewood,Queens,neighborhood,,,,,,,,,,,,,,,,,,,,,,1525,1500,,,2915,2915,2760,1950,2567,2590,2613,1600,2399,2338,2384,2392,2292,2246,2292,2050,1800,2050,1900,1750,2600,2600,2600,2250,2000,2145,2025,2300,2070,2045,2248,2200,2200,2200,2200,2200,2200,2300,2295,2500,2395,2263,2400,2295,2250,2275,2300,2299,2500,2400,2500,2600,2500,2500,2499,2500,2350,2350,2400,2495,2495,2500,2499,2500,2599,2600,2550,2400,2300,2250,2386,2387,2400,2450,2499,2577,2550,2600,2600,2499,2500,2495,2400,2375
Riverdale,Bronx,neighborhood,1800,1750,1675,1800,1900,2000,2200,2525,2200,1925,2000,2000,1775,1600,2125,2100,2023,2100,1938,1850,1750,1973,1950,1750,1750,1800,1800,1895,1800,1750,1800,1810,1999,1873,1850,1800,1800,1800,1825,1838,1938,1875,1999,2025,2175,1975,2062,1950,1850,1898,2000,2050,2050,2100,2108,2100,2108,2100,2098,2100,2100,2175,2100,2100,2098,2173,2200,2200,2100,2100,2150,2200,2050,2000,2000,2025,2195,2150,2200,2291,2300,2100,2200,2200,2008,2000,2000,2098,2073,2125,2200,2200,2150,2100,2048,2048,2130,2200,2295,2395,2250,2300,2250,2150,2175,2150,2200,2300,2270
Rockaway All,Queens,neighborhood,,,,,,,,,,1650,1650,,,,,,,,,,,,,,,,,,,,,,,,,,,,,,,,1450,1282,1399,1399,1350,1300,1350,1475,1350,1350,1399,1387,1425,1540,1399,1550,1563,1475,1530,1550,1450,1488,1590,1550,1488,1550,1500,1450,1625,1449,1413,1462,1450,1500,1950,1850,1850,1900,1900,1900,1900,1875,1800,1825,1775,1625,1737,1897,1825,1725,1775,1750,1900,1895,2446,1837,2300,2300,2100,1963,2100,1900,1890,1900,2020,1997,1900
Roosevelt Island,Manhattan,neighborhood,2577,2555,2404,2570,2585,2500,2600,2646,2600,2975,2600,2425,2313,2313,2386,2475,2775,2588,2775,2775,2775,2895,2790,2843,2425,2625,3175,3013,3195,3025,3025,3048,2813,3095,2775,2795,2850,3000,3025,3095,3173,3150,3195,3200,3250,2895,2795,2945,3250,3195,3195,3255,3373,3263,3225,3225,3095,2995,2995,3350,3010,2995,3300,3350,3230,3450,3375,3395,3195,2965,2995,3105,3160,3828,3607,3023,3655,3390,3390,3198,3330,3123,3146,3386,3182,3253,2915,3348,3278,3333,3285,3128,2785,2850,2850,2915,2995,3265,3200,3150,3210,3210,3480,3660,3415,3314,3277,3397,3440
Rosedale,Queens,neighborhood,,,,,,,,,,,,,,,,,,,,,,,,,,,,,,,,,,,,,,,,,,,,,,,,,,,,,,,,,,,,,,,,,,,,,,,,,,,,,,,,,,,,,,,,,,,,,,,,,,,,,,,,,,,,,
Schuylerville,Bronx,neighborhood,,,,,,,,,,,,,,,,,,,,,,,,,,,,,,,,,,,,,,,,,,,,,,,,,,,,,,,,,,,,,,,,,,,,,,,,,,,,,,,,,,,,,,,,,,,,,,,,,,,,,,,,,,,,,
Seagate,Brooklyn,neighborhood,,,,,,,,,,,,,,,,,,,,,,,,,,,,,,,,,,,,,,,,,,,,,,,,,,,,,,,,,,,,,,,,,,,,,,,,,,,,,,,,,,,,,,,,,,,,,,,,,,,,,,,,,,,,,
Sheepshead Bay,Brooklyn,neighborhood,1400,1225,1200,1250,1750,1725,,1300,,,2125,2350,2200,1525,1350,1350,1375,1413,1400,1400,1600,1550,1400,1400,1500,1500,1500,1550,1500,1400,1500,1500,1500,1400,1400,1400,1400,1500,1488,1513,1525,1600,1600,1600,1600,1564,1675,1700,1700,1600,1600,1600,1600,1600,1600,1650,1625,1570,1663,1675,1638,1625,1700,1675,1613,1595,1600,1650,1650,1750,1900,1713,1795,1850,1800,1850,1900,1800,1800,1750,1793,1795,1790,1790,1850,1950,1950,1950,1900,1850,1800,1900,1850,1725,1849,1998,1925,1890,1800,1893,1900,1863,1900,1900,1995,1795,1750,1775,1750
Soho,Manhattan,neighborhood,5200,5288,5275,4950,4197,4000,4000,4000,5850,7000,7000,7100,5051,6250,5350,6000,6000,4650,4200,3850,5400,6515,5400,4950,5400,5200,5400,5400,5000,4100,3975,4417,4875,6000,5700,5500,5500,4495,4495,4995,4500,4495,3842,4125,4113,4048,4500,4750,4750,4400,4500,4500,4375,4000,3995,3850,4000,4600,4500,4100,4500,4500,4500,4750,4977,4600,4366,4500,5000,5500,5500,4990,4875,4188,4650,4900,4650,4650,4725,4500,5398,5500,5750,5161,4850,4795,4558,4700,4688,4500,5000,4849,4875,5200,5538,6497,5500,5975,5400,5000,4995,4500,4997,5500,5500,5150,5500,5778,6150
Soundview,Bronx,neighborhood,,,,,,,,,,,,,,,,,,,,,,,,,,,,,,,,,,,,,,,,,,,,,,,,,,,,,,,,,,,1263,1400,1395,1395,1400,1400,1450,1325,1300,1275,1290,1400,1488,1700,1700,1550,1765,,,,1606,1600,1588,1580,1584,1675,1700,1800,1650,1675,1700,1750,1700,1875,1675,1688,1600,,1615,1675,1650,1900,2063,2025,2000,1875,1995,1898,1800,1725,1725
South Brooklyn,Brooklyn,submarket,1595,1550,1475,1450,1500,1500,1500,1450,1500,1400,1450,1450,1400,1395,1425,1500,1500,1550,1550,1500,1500,1500,1500,1450,1500,1500,1500,1550,1600,1550,1595,1600,1600,1550,1525,1600,1500,1500,1525,1600,1600,1650,1700,1750,1745,1700,1675,1650,1650,1650,1650,1650,1800,1800,1800,1775,1750,1700,1750,1750,1750,1750,1800,1813,1850,1850,1850,1900,1900,1900,1900,1900,1900,1900,1900,1995,1995,1999,1995,2000,1995,1995,1995,1960,1950,1985,1950,1995,1999,2000,2000,2000,2000,2000,1957,1953,2000,2000,1999,1999,2000,2060,2099,2100,2099,2000,2000,2000,2000
South Jamaica,Queens,neighborhood,,,,,,,,,,,,,,,,,,,,,,,,,,,,,,,,,,,,,,,,,,,,,,,,,,,,,,,,,,,,,,,,,,,,,,,,,,,,,,,,,,,,,,,,,,,,,,,,,,,,,,,,,,,,,
South Ozone Park,Queens,neighborhood,,,,,,,,,,,,,,,,,,,,,,,,,,,,,,,,,,,,,,,,,,,,,,,,,,,,,,,,,,,,,,,,,,,,,,,,,,,,,,,,,,,,,,,,,,,,,,,,,,,,,,,,,,,,,
South Queens,Queens,submarket,,,,,,,,,,,,,1550,1550,1550,1563,1550,1400,1250,1500,1550,1450,1575,1650,1500,1500,1499,1479,1499,1575,1459,1400,1400,1400,1335,1335,1450,1500,1500,1550,1525,1450,1523,1550,1650,1598,1575,1600,1638,1595,1595,1500,1595,1595,1595,1695,1675,1600,1600,1650,1700,1700,1700,1663,1725,1650,1650,1650,1650,1588,1600,1650,1613,1650,1650,1875,1713,1700,1798,1900,1842,1800,1878,1900,1773,1800,1900,1975,1950,2000,1950,1860,1950,1995,1900,1888,1900,1850,1975,1860,1850,1973,2000,2050,2000,1997,1963,1913,2000
South Richmond Hill,Queens,neighborhood,,,,,,,,,,,,,,,,,,,,,,,,,,,,,,,,,,,,,,,,,,,,,,,,,,,,,,,,,,,,,,,,,,,,,,,,,,,,,,,,,,,,,,,,,,,,,,,,,,,,,,,,,,,,,
Springfield Gardens,Queens,neighborhood,,,,,,,,,,,,,,,,,,,,,,,,,,,,,,,,,,,,,,,,,,,,,,,,,,,,,,,,,,,,,,,,,,,,,,,,,,,,,,,,,,,,,,,,,,,,,,,,,,,,,,,,,,,,,
St. Albans,Queens,neighborhood,,,,,,,,,,,,,,,,,,,,,,,,,,,,,,,,,,,,,,,,,,,,,,,,,,,,,,,,,,,,,,,,,,,,,,,,1500,,,,,,,,,,,,,,,,,,,,,,,,,,,,,,,,,,,,,
Staten Island,Staten Island,borough,,,,,,,,,,,,,,,,,,,,,,,,,,,,,,1400,1400,1400,1375,1500,1770,2095,1968,1968,2095,1995,1325,1325,1325,1650,2100,1175,1175,1325,1400,1475,1775,1700,1700,1650,1650,1795,1650,1600,1775,1700,1575,1625,1500,1500,1500,1650,1750,1900,1848,1675,1823,1885,1950,1900,1975,2000,2050,2075,2075,2000,2000,1960,1900,1980,1950,1900,1900,1918,2000,2073,1950,1950,1790,1875,1900,1925,1800,1842,1800,1825,1829,1887,1950,2000,2000,1900,1970,1890,1865
Stuyvesant Town/PCV,Manhattan,neighborhood,,,,,,2903,,,,,,,,,,,,,,,,,3963,3574,3817,3555,3455,3705,3443,3516,3615,3760,3700,3650,3825,3850,3900,3808,3458,2965,2965,2965,,,,4190,4190,3299,3317,3644,3652,3851,3770,3567,3629,3603,3551,3421,3286,3525,3500,3637,4081,4215,3701,3553,3682,3717,3712,3744,3776,3724,3926,3969,4292,4197,4019,4022,4391,4271,4157,4167,3991,3879,4049,3915,4040,4112,4106,4222,4182,4266,4435,4620,4475,4710,4157,4191,3804,3833,3818,3807,3822,3966,3769,4014,3741,3774,4132
Sunnyside,Queens,neighborhood,1550,1475,1500,1550,1450,1400,1400,1460,1475,1460,1445,1445,1450,1445,1463,1535,1475,1550,1550,1638,1573,1500,1600,1625,1650,1650,1650,1650,1650,1725,1663,1650,1500,1550,1550,1623,1575,1595,1600,1650,1675,1800,1700,1700,1775,1700,1700,1750,1750,1800,1850,1850,1850,1875,1825,1800,1800,1850,1850,1899,1875,1850,1800,1895,1950,1950,2000,2000,2000,2099,2013,2050,2050,2000,2000,2000,1975,1975,1975,2025,2050,2005,2000,1995,2000,1970,1950,1950,2000,2000,2000,2000,1975,2000,1975,2000,1950,1950,1995,2000,2000,2000,2000,2000,2000,1913,1954,1950,1950
Sunset Park,Brooklyn,neighborhood,1500,1500,1400,1400,1425,1450,1400,1425,1375,1488,1338,1288,1075,1500,1650,1500,1350,1425,1400,1400,,,,1550,,,1525,,,1598,1648,1850,1850,1750,1700,1700,1600,1450,1750,1675,1800,1850,1900,1843,1900,1850,1600,1700,1500,1500,1700,1800,1850,1850,1875,1850,1850,1850,1900,1900,1825,1850,1875,1995,2000,2000,1995,1850,1850,1950,1850,2000,2000,1998,1995,2000,2000,2200,2000,2000,2000,2000,2000,1960,1960,1950,2000,2000,2025,2100,2195,2025,2050,2000,1999,2000,1999,2000,1999,1993,2154,2200,2200,2000,2000,1995,2000,1950,1998
The Rockaways,Queens,submarket,,,,,,,,,,1650,1650,,,,,,,,,,,,,,,,,,,,,,,,,,,,,,,,1450,1282,1399,1399,1350,1300,1350,1475,1350,1350,1399,1387,1425,1540,1399,1550,1563,1475,1530,1550,1450,1488,1590,1550,1488,1550,1500,1450,1625,1449,1413,1462,1450,1500,1950,1850,1850,1900,1900,1900,1900,1875,1800,1825,1775,1625,1737,1897,1825,1725,1775,1750,1900,1895,2446,1837,2300,2300,2100,1963,2100,1900,1890,1900,2020,1997,1900
Throgs Neck,Bronx,neighborhood,,,,,,,,,,,,,,,,,,,,,,,,,,,,,,,,,,,,,,,,,,,,,,,,,,,,,,,,,,,,,,,1975,,2200,2375,,2199,1900,1800,1900,1850,1900,,,,1325,1545,,,1788,,1775,,,1800,,,1750,2000,1950,1763,2150,1950,1850,1800,2100,1875,1850,,,2499,2400,2400,2200,2150,2150,2150,1600
Tremont,Bronx,neighborhood,,,,,,,,,,,,,,,,,,,,,,,,,,,,,,,,,,,,,,,,,,,,,,,,,,,,,,,,,1300,1325,1350,1288,1350,,1350,1575,1475,1550,1775,1750,1313,1300,1350,1363,1598,1550,1425,1485,1498,1675,1675,1699,1568,1500,1547,1350,1350,1350,1375,1525,1625,1600,1749,1725,1700,1700,1700,1600,1700,1800,1800,1475,1800,1825,1538,1849,1950,1800,1750,1700,1675
Tribeca,Manhattan,neighborhood,6500,6773,6500,6400,6500,6500,6000,4950,5500,5650,5823,5900,6500,6500,6500,5548,6000,6395,6500,6395,6495,6095,6448,6795,7500,7495,6000,6250,6950,6995,7250,6695,6500,6995,6898,6995,7000,6445,6000,6500,6873,6875,6800,6000,5995,5600,5963,5995,5750,5325,5398,5500,6025,6200,6000,6423,6450,6750,6195,6268,6000,7000,7200,6395,6850,6773,6495,6495,6495,6395,6150,5900,6095,6452,6500,7015,7898,7999,8000,7600,7999,8000,7871,8000,7950,7570,7950,7950,7500,7500,8398,6095,5995,5975,5695,6400,6498,6500,6620,6500,6300,6700,6598,7000,7286,6860,6900,6692,6561
University Heights,Bronx,neighborhood,1100,1100,,,,,,,,,,,,,,,,,1125,,1113,1125,1100,,,1138,1113,1125,1225,,,1175,1150,1113,1199,1199,1175,1188,1200,1168,1150,1199,1155,1200,1225,1210,1150,1163,1192,1300,1300,1300,1275,1245,1288,1350,1399,1400,1298,1295,1300,1250,1288,1300,1375,1355,1335,1300,1350,1350,1350,1325,1350,1388,1400,1358,1400,1575,1562,1450,1550,1637,1423,1450,1575,1650,1663,1675,1495,1550,1500,1550,1598,1575,1600,1560,1638,1500,1648,1649,1698,1750,1875,1750,1697,1691,1649,1625,1599
Upper East Side,Manhattan,neighborhood,2469,2450,2400,2500,2550,2550,2595,2500,2595,2550,2500,2550,2500,2500,2475,2500,2600,2695,2650,2695,2795,2800,2800,2800,2700,2700,2695,2695,2695,2750,2700,2735,2825,2795,2849,2800,2795,2800,2795,2750,2750,2750,2700,2800,2850,2850,2800,2800,2700,2750,2700,2700,2700,2700,2700,2700,2750,2750,2800,2835,2850,2900,2895,2870,2950,2993,2950,2995,3025,2995,2900,2950,2995,2975,3000,3000,3000,2995,2975,2900,2950,2950,2975,3000,2975,2995,2925,2950,2950,2950,2929,2900,2995,2945,2995,2990,2920,2895,2850,2850,2850,2900,2925,2900,2895,2995,2995,3000,3000
Upper West Side,Manhattan,neighborhood,2895,2800,2750,2800,2798,2795,2800,2895,2995,3000,3000,2995,2995,3000,2950,3000,3000,3100,3100,3200,3250,3342,3386,3455,3300,3200,3035,3150,3200,3200,3250,3300,3300,3350,3350,3300,3200,3250,3200,3200,3250,3150,3199,3250,3275,3300,3200,3225,3200,3195,3200,3295,3299,3275,3200,3200,3295,3300,3280,3250,3290,3300,3250,3300,3350,3395,3405,3495,3550,3500,3525,3500,3450,3450,3450,3475,3495,3450,3495,3407,3480,3450,3400,3375,3300,3310,3299,3300,3350,3369,3378,3395,3395,3395,3323,3350,3350,3290,3250,3290,3300,3350,3334,3323,3400,3395,3395,3400,3419
Utopia,Queens,neighborhood,,,,,,,,,,,,,,,,,,,,,,,,,,,,,,,,,,,,,,,,,,,,,,,,,,,,,,,,,,,,,,,,,,,,,,,,,,,,,,,,,,,,,,,,,,,,,,,,,,,,,,,,,,,,,
Van Nest,Bronx,neighborhood,,,,,,,,,,,,,,,,,,,,,,,,,,,,,,,,,,,,,,,,,,,,,,,,,,,,,,,,,,,,,,,,,,,1313,1338,1338,1325,,1300,1338,1350,1338,1325,,,,,,,,,,,,,,,,,,,,,2100,2100,,,,,,,,,1400,1575,
Wakefield,Bronx,neighborhood,,,,,,,,,,,,,,,,,,,,,,,,,,,,,,,,,,,,,,,,,,,,,,,,,,,,,,,1450,1400,1400,1388,1338,1338,1200,1300,1388,1400,1375,1250,1250,1300,1300,1400,1400,1400,1450,1450,1450,1450,1450,1450,1450,1450,1450,1450,1395,1375,1425,1500,1700,1575,1450,1475,1475,1475,,1500,,,,,,,1450,1900,1900,1600,2050,2100,,1700,2200
Washington Heights,Manhattan,neighborhood,1550,1545,1597,1600,1650,1653,1678,1750,1713,1750,1700,1768,1800,1750,1625,1700,1700,1650,1650,1800,1699,1695,1847,1847,1893,1844,1900,1735,1750,1750,1750,1775,1800,1800,1800,1800,1800,1800,1800,1800,1800,1847,1800,1800,1800,1750,1798,1786,1750,1750,1799,1800,1800,1850,1850,1950,1950,1950,1950,1911,1950,1900,1950,2000,2050,2000,2050,2100,2095,2000,2000,2073,2100,2100,2195,2195,2175,2150,2175,2195,2150,2195,2187,2213,2210,2150,2150,2195,2195,2195,2250,2200,2100,2180,2100,2100,2125,2125,2150,2150,2154,2200,2250,2250,2200,2250,2222,2195,2175
West Harlem,Manhattan,neighborhood,1795,,,,1675,,,,,,1850,1900,2700,2700,2600,2550,2550,2550,2600,2600,,2500,1998,2148,1750,2200,2148,2300,1948,1900,1900,2400,2175,2200,1973,1950,1900,1998,2100,1995,2100,1925,2100,2200,2000,2300,2400,2400,2850,2654,2300,2500,2100,2200,2200,2100,2375,2298,2250,2629,2300,2250,2200,2250,2250,2600,2400,2500,2475,2300,2298,2298,2200,2295,2200,2300,2500,2863,2850,2600,2850,3000,2908,2630,2488,2600,2600,2500,2600,2775,2775,2700,2500,2600,2725,2725,2663,2725,2600,2838,2650,2650,2650,2963,2418,2500,2495,2450,2450
West Village,Manhattan,neighborhood,3265,3395,3113,3250,3073,3138,3195,2963,3300,3300,3100,3300,3348,3400,3200,3450,3400,3495,3450,3500,3400,3300,3300,3300,3300,3400,3495,3495,3500,3400,3495,3495,3495,3500,3495,3600,3500,3350,3400,3495,3650,3650,3525,3550,3600,3600,3500,3650,3550,3630,3595,3666,3650,3595,3600,3598,3666,3625,3600,3645,3750,3700,3650,3600,3750,3745,3695,3750,3750,3850,3750,3860,3800,3810,3805,3895,3900,3950,3950,3895,3750,3658,3595,3550,3570,3597,3600,3690,3800,3804,3850,3800,3695,3573,3495,3500,3600,3666,3750,3798,3855,3850,3850,3950,3925,3895,3950,3900,3900
Westchester Village,Bronx,neighborhood,,,,,,,,,,,,,,,,,,,,,,,,,,,,,,,,,,,,,,,,,,,,,,,,,,,,,,,,,,,,,,,,,,,,,,,1500,,,,,,,,,,,,,,,,,,,,,,,,,,,,,,,,,,,,,,
Whitestone,Queens,neighborhood,,,,,,,,,,,,,,,,,,,,,,,,,1850,1750,1800,,1775,,1900,1850,1900,1800,1900,1975,1938,1900,,,,,,,,,2400,2600,2200,1775,1825,1875,,,,2000,,,,2300,2250,2050,2000,,2275,,,,,2500,2375,2200,2300,2350,2250,2200,2400,2300,2523,2425,,,,2350,2350,2350,2400,2250,2200,2300,2300,2695,,,,,,,1798,2250,2200,2150,2200,,,2250,2100,2338,2375
Williamsbridge,Bronx,neighborhood,,,,,,,,,,,,,,,,,,,,,,,,,,,,,,,,,,,,,,,,,,,,,,,,,,,,,,,1300,,,,1300,1225,,,1325,1300,1300,1349,1325,,,1558,1558,,,,,,,,1625,,,,,,,2250,2175,1500,1950,1898,2023,,,,,,1588,,,,1663,1675,1763,,,2150,2125,2150,1750
Williamsburg,Brooklyn,neighborhood,2500,2500,2500,2600,2625,2700,2775,2830,2900,2950,2800,2723,2800,2750,2763,2900,2900,2973,2900,2900,2973,3000,3000,2850,3032,3000,3000,3062,3150,3250,3200,3100,3325,3350,3350,3499,3398,3300,3200,3000,3150,3250,3200,3199,3195,3100,3101,2999,3002,3000,3071,3200,3200,3295,3250,3200,3200,3157,3050,3050,3050,3050,3050,3100,3100,3300,3350,3250,3200,3200,3259,3300,3275,3200,3100,3100,3195,3199,3195,3200,3150,3150,3100,3070,3000,3000,3050,3100,3148,3180,3117,3116,3100,3000,2966,2900,2900,2950,2950,2999,3000,3000,3000,3025,3000,3000,2900,2895,2995
Windsor Terrace,Brooklyn,neighborhood,1600,1650,1650,1600,1800,1825,1995,2098,2100,2000,1875,1900,2225,2150,2013,2050,2000,2175,2400,2000,2300,2200,2400,2325,2325,2325,2350,2300,2200,2100,2100,2100,2000,2200,2200,1988,2200,2100,2100,2200,2300,2400,2250,2500,2700,2500,2500,2395,2200,2200,2400,2350,2400,2450,2400,2300,2373,2400,2472,2600,2700,2700,2633,2700,2700,2800,2800,2605,2600,2600,2469,2460,2485,2500,2500,2500,2544,2491,2400,2450,2598,2598,2550,2600,2500,2500,2400,2500,2650,2750,2600,2500,2500,2500,2400,2384,2400,2400,2472,2500,2500,2500,2550,2641,2650,2600,2700,2600,2600
Woodhaven,Queens,neighborhood,,,,,,,,,,,,,,,,,,,,,,,,,,,,,,,,,,,,,,,,,,,,,,,,,,,,,,,1400,,,1600,1575,1575,1700,1700,1700,1675,1735,1725,,,1650,1995,1575,1688,1700,,,,,,,,,,,,1548,1700,1750,1998,2100,1750,1700,1800,2000,1998,,,2100,2200,2175,1800,1625,1763,1950,1850,1725,1850,1923,1742,1750
Woodlawn,Bronx,neighborhood,,,,,,,,,,,,,,,,,,,,,,,,,,,,,,,,,,,,,,,,,,,,,,,,,,,,,,,,,,,,,,,,,,,,,,,,,,,,,,,,,,,,,,,1750,,,,1625,,,,,,,,,,,,,,,,,,
Woodside,Queens,neighborhood,1813,,1398,2000,1475,1488,,,,,,,,,,,,1298,,1463,,,,,,,,,,,,,,,,,,,,,,,1700,1600,1600,1600,1600,1700,1700,1750,1750,1750,1750,1900,1900,1750,1775,1900,2000,1850,1950,2150,1900,1875,1838,1925,1900,1800,1850,1600,1900,1900,1925,1800,1775,1738,1685,1825,1900,1900,1725,1800,1897,2000,1775,1800,1900,1900,1750,2000,2100,2025,2000,2000,1900,1915,1795,1775,1963,1975,1995,1985,1750,1825,2000,1850,1948,1890,1875
Woodstock,Bronx,neighborhood,,,,,,,,,,,,,,,,,,,,,,,,,,,,,,,,,,,,,,,,,,,,,,,,,,,,,,,,,,,988,,,,,,,,,,,,,,,,,,,,,,,,,,,1825,2200,,1650,,1920,,,,1790,,,,,2225,2240,2155,1650,1781,2300,1950,1950,1789,2199